8581,9910,735833,1,1,3,5,7,9,3,5,7,4,6,1,2,4,6,8,3,5,7,3,5,7,1,3,3,3,3,3,7,7,7,10,10,1,3,3,3,3,7,7,7,10,10,10,62,36,65,1,71,42,65,1,36,33,42,0,55,59,38,1,41,48,50,0,55,55,59,0,-1
9906,8306,735832,1,2,4,8,6,2,4,6,8,4,6,1,2,4,6,8,2,4,6,8,5,5,1,3,3,3,3,7,7,7,7,10,10,1,3,3,3,3,7,7,7,7,9,11,57,50,50,1,61,62,49,1,49,42,52,0,48,55,44,1,53,42,53,1,53,39,57,0,1
9864,8302,735831,1,2,4,6,8,4,6,3,5,7,5,1,2,4,6,8,4,6,3,5,7,5,1,3,3,3,3,6,6,8,8,8,11,1,3,3,3,3,6,6,8,8,8,11,42,51,36,1,41,40,50,1,47,37,52,1,53,53,53,1,53,52,60,1,42,48,59,0,0
8315,8634,735833,1,2,4,6,8,4,6,3,5,7,5,1,2,4,6,8,3,5,7,3,5,7,1,3,3,3,3,6,6,8,8,8,11,1,3,3,3,3,7,7,7,10,10,10,46,46,39,1,50,60,36,0,49,57,50,0,36,35,51,0,36,49,56,0,61,65,65,0,-1
7878,8372,735834,1,2,4,6,8,4,6,3,5,7,5,1,2,4,6,8,2,4,6,8,5,5,1,3,3,3,3,6,6,8,8,8,11,1,3,3,3,3,7,7,7,7,9,11,57,50,59,1,61,63,51,1,48,45,62,0,62,51,52,1,59,55,52,1,37,56,49,0,-1
8558,8305,735832,1,2,4,6,8,4,6,3,5,7,5,1,2,4,6,8,4,6,3,5,7,5,1,3,3,3,3,6,6,8,8,8,11,1,3,3,3,3,6,6,8,8,8,11,50,52,44,1,52,60,40,0,37,40,45,0,34,41,38,1,55,39,49,1,43,42,49,0,1
8603,10205,735833,1,2,4,6,8,2,4,6,8,4,6,1,2,4,6,8,2,4,6,8,4,6,1,3,3,3,3,7,7,7,7,10,10,1,3,3,3,3,7,7,7,7,10,10,59,49,37,1,59,43,53,1,58,49,58,0,48,42,36,0,36,52,55,0,47,48,44,0,0
9869,8633,735833,1,2,4,6,8,2,4,6,8,4,6,1,2,4,6,8,4,6,3,5,7,5,1,3,3,3,3,7,7,7,7,10,10,1,3,3,3,3,6,6,8,8,8,11,55,48,50,1,62,59,38,1,45,54,41,0,50,57,46,0,61,41,63,0,52,60,63,0,0
9783,8560,735832,1,2,4,6,8,4,6,3,5,7,5,1,2,4,6,8,4,6,3,5,7,5,1,3,3,3,3,6,6,8,8,8,11,1,3,3,3,3,6,6,8,8,8,11,53,55,47,1,38,52,55,1,45,50,59,1,60,52,50,1,54,60,52,1,49,53,53,0,0
8370,10267,735832,1,2,4,6,8,2,4,6,8,4,6,1,2,4,6,8,3,5,7,3,5,7,1,3,3,3,3,7,7,7,7,10,10,1,3,3,3,3,7,7,7,10,10,10,29,52,44,1,44,44,47,1,54,52,63,0,35,46,35,1,37,51,58,1,49,45,53,0,0
8372,8370,735903,1,4,6,2,8,5,4,6,3,7,5,1,2,4,6,8,7,4,6,3,5,5,1,3,3,3,3,8,6,6,8,8,11,1,3,3,3,3,8,6,6,8,8,11,62,51,52,1,59,55,52,1,37,56,49,0,29,52,44,1,44,44,47,1,54,52,63,0,1
8305,8634,735902,1,2,4,6,8,2,4,6,8,4,6,1,4,6,2,8,3,7,5,3,5,7,1,3,3,3,3,7,7,7,7,10,10,1,3,3,3,3,7,7,7,10,10,10,34,41,38,1,55,39,49,1,43,42,49,0,36,35,51,0,36,49,56,0,61,65,65,0,-1
10205,8302,735902,1,2,4,6,8,2,4,6,8,4,6,1,2,4,6,8,4,6,3,5,7,5,1,3,3,3,3,7,7,7,7,10,10,1,3,3,3,3,6,6,8,8,8,11,48,42,36,0,36,52,55,0,47,48,44,0,53,53,53,1,53,52,60,1,42,48,59,0,1
8633,8306,735902,1,4,6,2,8,3,5,7,5,7,3,1,2,4,6,8,5,7,4,6,3,5,1,3,3,3,3,7,7,7,10,10,10,1,3,3,3,3,8,8,6,6,8,11,50,57,46,0,61,41,63,0,52,60,63,0,48,55,44,1,53,42,53,1,53,39,57,0,1
8560,9910,735902,1,2,4,6,8,4,6,3,5,7,5,1,4,6,2,8,3,7,5,3,5,7,1,3,3,3,3,6,6,8,8,8,11,1,3,3,3,3,7,7,7,10,10,10,60,52,50,1,54,60,52,1,49,53,53,0,55,59,38,1,41,48,50,0,55,55,59,0,-1
10267,8581,735902,1,2,4,6,8,2,4,6,5,8,5,1,2,4,8,6,5,6,2,4,8,5,1,3,3,3,3,8,8,8,6,8,11,1,3,3,3,3,6,8,8,8,8,11,35,46,35,1,37,51,58,1,49,45,53,0,62,36,65,1,71,42,65,1,36,33,42,0,1
9783,9906,735901,1,2,4,6,8,4,6,3,5,7,5,1,2,4,6,8,2,4,6,8,4,6,1,3,3,3,3,6,6,8,8,8,11,1,3,3,3,3,7,7,7,7,10,10,53,55,47,1,38,52,55,1,45,50,59,1,57,50,50,1,61,62,49,1,49,42,52,0,0
9869,9864,735903,1,2,4,6,8,4,6,3,5,7,5,1,2,4,6,8,4,6,3,5,7,5,1,3,3,3,3,6,6,8,8,8,11,1,3,3,3,3,6,6,8,8,8,11,55,48,50,1,62,59,38,1,45,54,41,0,42,51,36,1,41,40,50,1,47,37,52,1,1
8603,8315,735903,1,2,4,6,8,2,6,4,8,4,6,1,2,4,6,8,4,6,3,5,7,5,1,3,3,3,3,7,7,7,7,10,10,1,3,3,3,3,6,6,8,8,8,11,59,49,37,1,59,43,53,1,58,49,58,0,46,46,39,1,50,60,36,0,49,57,50,0,-1
8558,7878,735903,1,4,6,2,8,4,6,3,5,7,5,1,2,4,6,8,3,5,7,3,5,7,1,3,3,3,3,6,6,8,8,8,11,1,3,3,3,3,7,7,7,10,10,10,50,52,44,1,52,60,40,0,37,40,45,0,57,50,59,1,61,63,51,1,48,45,62,0,0
8372,8305,735909,1,2,4,6,8,4,6,8,2,4,6,1,2,4,6,8,4,6,3,5,7,5,1,3,3,3,3,7,7,7,7,10,10,1,3,3,3,3,6,6,8,8,8,11,62,51,52,1,59,55,52,1,37,56,49,0,34,41,38,1,55,39,49,1,43,42,49,0,1
8634,10205,735910,1,2,4,6,8,3,5,7,3,5,7,1,2,4,6,8,3,5,7,3,5,7,1,3,3,3,3,7,7,7,10,10,10,1,3,3,3,3,7,7,7,10,10,10,36,35,51,0,36,49,56,0,61,65,65,0,48,42,36,0,36,52,55,0,47,48,44,0,1
8302,8633,735910,1,2,4,6,8,4,6,3,5,7,5,1,2,4,6,8,3,5,7,3,5,7,1,3,3,3,3,6,6,8,8,8,11,1,3,3,3,3,7,7,7,10,10,10,53,53,53,1,53,52,60,1,42,48,59,0,50,57,46,0,61,41,63,0,52,60,63,0,1
8306,8560,735908,1,2,4,6,8,4,6,3,5,7,5,1,2,4,6,8,4,6,3,5,7,5,1,3,3,3,3,6,6,8,8,8,11,1,3,3,3,3,6,6,8,8,8,11,48,55,44,1,53,42,53,1,53,39,57,0,60,52,50,1,54,60,52,1,49,53,53,0,1
9910,10267,735909,1,2,4,6,8,4,6,3,5,7,5,1,2,4,6,8,5,2,4,6,8,5,1,3,3,3,3,6,6,8,8,8,11,1,3,3,3,3,6,8,8,8,8,11,55,59,38,1,41,48,50,0,55,55,59,0,35,46,35,1,37,51,58,1,49,45,53,0,-1
8581,9783,735909,1,2,4,6,8,3,5,7,3,5,7,1,2,4,6,8,4,6,3,5,7,5,1,3,3,3,3,7,7,7,10,10,10,1,3,3,3,3,6,6,8,8,8,11,62,36,65,1,71,42,65,1,36,33,42,0,53,55,47,1,38,52,55,1,45,50,59,1,0
9906,9869,735910,1,2,4,6,8,2,4,6,8,4,6,1,2,4,6,8,4,6,3,5,7,5,1,3,3,3,3,7,7,7,7,10,10,1,3,3,3,3,6,6,8,8,8,11,57,50,50,1,61,62,49,1,49,42,52,0,55,48,50,1,62,59,38,1,45,54,41,0,1
9864,8603,735909,1,2,4,6,8,4,6,3,7,5,5,1,2,4,6,8,4,6,3,5,7,5,1,3,3,3,3,6,6,8,8,8,11,1,3,3,3,3,6,6,8,8,8,11,42,51,36,1,41,40,50,1,47,37,52,1,59,49,37,1,59,43,53,1,58,49,58,0,-1
8315,8558,735910,1,2,4,6,8,4,6,3,5,7,5,1,2,4,6,8,3,5,7,3,5,7,1,3,3,3,3,6,6,8,8,8,11,1,3,3,3,3,7,7,7,10,10,10,46,46,39,1,50,60,36,0,49,57,50,0,50,52,44,1,52,60,40,0,37,40,45,0,1
8370,7878,735909,1,2,4,8,6,4,6,3,5,7,5,1,2,4,6,8,4,6,3,5,7,5,1,3,3,3,3,6,6,8,8,8,11,1,3,3,3,3,6,6,8,8,8,11,29,52,44,1,44,44,47,1,54,52,63,0,57,50,59,1,61,63,51,1,48,45,62,0,1
8305,8370,735925,1,2,4,6,8,4,6,3,5,7,5,1,2,4,6,8,4,6,3,5,7,5,1,3,3,3,3,6,6,8,8,8,11,1,3,3,3,3,6,6,8,8,8,11,34,41,38,1,55,39,49,1,43,42,49,0,29,52,44,1,44,44,47,1,54,52,63,0,0
10205,8372,735924,1,2,4,6,8,2,4,6,8,4,6,1,4,6,8,2,2,4,6,8,4,6,1,3,3,3,3,7,7,7,7,10,10,1,3,3,3,3,7,7,7,7,10,10,48,42,36,0,36,52,55,0,47,48,44,0,62,51,52,1,59,55,52,1,37,56,49,0,0
8633,8634,735923,1,2,4,6,8,3,5,7,3,5,7,1,2,4,6,8,3,5,7,3,5,7,1,3,3,3,3,7,7,7,10,10,10,1,3,3,3,3,7,7,7,10,10,10,50,57,46,0,61,41,63,0,52,60,63,0,36,35,51,0,36,49,56,0,61,65,65,0,-1
8560,8302,735923,1,2,4,6,8,4,6,3,5,7,5,1,2,4,6,8,4,6,3,5,7,5,1,3,3,3,3,6,6,8,8,8,11,1,3,3,3,3,6,6,8,8,8,11,60,52,50,1,54,60,52,1,49,53,53,0,53,53,53,1,53,52,60,1,42,48,59,0,1
10267,8306,735923,1,2,4,6,8,3,5,7,3,5,7,1,2,4,6,8,4,6,3,5,7,5,1,3,3,3,3,7,7,7,10,10,10,1,3,3,3,3,6,6,8,8,8,11,35,46,35,1,37,51,58,1,49,45,53,0,48,55,44,1,53,42,53,1,53,39,57,0,0
9783,9910,735923,1,2,4,6,8,2,4,6,8,4,6,1,2,4,6,8,3,5,7,3,5,7,1,3,3,3,3,7,7,7,7,10,10,1,3,3,3,3,7,7,7,10,10,10,53,55,47,1,38,52,55,1,45,50,59,1,55,59,38,1,41,48,50,0,55,55,59,0,1
9869,8581,735924,1,2,4,6,8,4,6,3,5,7,5,1,2,4,6,8,3,5,7,3,5,7,1,3,3,3,3,6,6,8,8,8,11,1,3,3,3,3,7,7,7,10,10,10,55,48,50,1,62,59,38,1,45,54,41,0,62,36,65,1,71,42,65,1,36,33,42,0,-1
8603,9906,735924,1,2,4,6,8,4,6,3,5,7,5,1,2,4,6,8,2,4,6,8,4,6,1,3,3,3,3,6,6,8,8,8,11,1,3,3,3,3,7,7,7,7,10,10,59,49,37,1,59,43,53,1,58,49,58,0,57,50,50,1,61,62,49,1,49,42,52,0,-1
8558,9864,735923,1,2,4,6,8,4,6,3,5,7,5,1,2,4,6,8,4,6,3,5,7,5,1,3,3,3,3,6,6,8,8,8,11,1,3,3,3,3,6,6,8,8,8,11,50,52,44,1,52,60,40,0,37,40,45,0,42,51,36,1,41,40,50,1,47,37,52,1,1
7878,8315,735924,1,2,4,6,8,4,6,3,7,5,5,1,2,4,6,8,4,6,3,5,7,5,1,3,3,3,3,6,6,8,8,8,11,1,3,3,3,3,6,6,8,8,8,11,57,50,59,1,61,63,51,1,48,45,62,0,46,46,39,1,50,60,36,0,49,57,50,0,1
8305,10205,735931,1,2,4,6,8,2,4,6,8,4,6,1,2,4,6,8,4,6,3,5,7,5,1,3,3,3,3,7,7,7,7,10,10,1,3,3,3,3,6,6,8,8,8,11,34,41,38,1,55,39,49,1,43,42,49,0,48,42,36,0,36,52,55,0,47,48,44,0,1
8372,8633,735931,1,2,4,6,8,4,6,3,5,7,5,1,2,4,6,8,3,5,7,3,5,7,1,3,3,3,3,6,6,8,8,8,11,1,3,3,3,3,7,7,7,10,10,10,62,51,52,1,59,55,52,1,37,56,49,0,50,57,46,0,61,41,63,0,52,60,63,0,-1
8634,8560,735930,1,2,4,6,8,3,5,7,3,5,7,1,2,4,6,8,4,6,3,5,7,5,1,3,3,3,3,7,7,7,10,10,10,1,3,3,3,3,6,6,8,8,8,11,36,35,51,0,36,49,56,0,61,65,65,0,60,52,50,1,54,60,52,1,49,53,53,0,1
8302,10267,735931,1,2,4,6,8,4,6,3,5,7,5,1,2,4,6,8,6,2,4,8,6,4,1,3,3,3,3,6,6,8,8,8,11,1,3,3,3,3,7,7,7,7,10,10,53,53,53,1,53,52,60,1,42,48,59,0,35,46,35,1,37,51,58,1,49,45,53,0,1
8306,9783,735930,1,2,4,6,8,4,6,3,5,7,5,1,2,4,6,8,2,4,6,8,4,6,1,3,3,3,3,6,6,8,8,8,11,1,3,3,3,3,7,7,7,7,10,10,48,55,44,1,53,42,53,1,53,39,57,0,53,55,47,1,38,52,55,1,45,50,59,1,-1
9910,9869,735930,1,2,4,6,8,4,6,3,5,7,5,1,2,4,6,8,4,6,5,7,3,5,1,3,3,3,3,6,6,8,8,8,11,1,3,3,3,3,6,6,8,8,8,11,55,59,38,1,41,48,50,0,55,55,59,0,55,48,50,1,62,59,38,1,45,54,41,0,1
8581,8603,735929,1,2,4,6,8,3,5,7,3,5,7,1,2,4,6,8,4,6,3,5,7,5,1,3,3,3,3,7,7,7,10,10,10,1,3,3,3,3,6,6,8,8,8,11,62,36,65,1,71,42,65,1,36,33,42,0,59,49,37,1,59,43,53,1,58,49,58,0,-1
9906,8558,735930,1,2,4,6,8,2,4,6,8,4,6,1,2,4,8,6,4,6,3,5,7,5,1,3,3,3,3,7,7,7,7,10,10,1,3,3,3,3,6,6,8,8,8,11,57,50,50,1,61,62,49,1,49,42,52,0,50,52,44,1,52,60,40,0,37,40,45,0,1
9864,7878,735930,1,2,4,6,8,4,6,3,5,7,5,1,2,4,6,8,4,6,3,5,7,5,1,3,3,3,3,6,6,8,8,8,11,1,3,3,3,3,6,6,8,8,8,11,42,51,36,1,41,40,50,1,47,37,52,1,57,50,59,1,61,63,51,1,48,45,62,0,0
8370,8315,735931,1,2,4,6,8,4,6,3,5,7,5,1,2,4,6,8,4,6,3,5,7,5,1,3,3,3,3,6,6,8,8,8,11,1,3,3,3,3,6,6,8,8,8,11,29,52,44,1,44,44,47,1,54,52,63,0,46,46,39,1,50,60,36,0,49,57,50,0,-1
10205,8370,735938,1,2,4,6,8,2,4,6,8,4,6,1,2,4,6,8,4,6,3,5,7,5,1,3,3,3,3,7,7,7,7,10,10,1,3,3,3,3,6,6,8,8,8,11,48,42,36,0,36,52,55,0,47,48,44,0,29,52,44,1,44,44,47,1,54,52,63,0,1
8633,8305,735937,1,2,4,6,8,3,5,7,3,5,7,1,2,4,6,8,5,2,4,6,8,5,1,3,3,3,3,7,7,7,10,10,10,1,3,3,3,3,6,8,8,8,8,11,50,57,46,0,61,41,63,0,52,60,63,0,34,41,38,1,55,39,49,1,43,42,49,0,1
8560,8372,735938,1,2,4,6,8,4,6,3,5,7,5,1,2,4,6,8,2,4,6,8,4,6,1,3,3,3,3,6,6,8,8,8,11,1,3,3,3,3,7,7,7,7,10,10,60,52,50,1,54,60,52,1,49,53,53,0,62,51,52,1,59,55,52,1,37,56,49,0,1
10267,8634,735937,1,2,4,6,8,3,5,7,4,6,5,1,2,4,6,8,3,5,7,3,5,7,1,3,3,3,3,6,6,6,8,8,11,1,3,3,3,3,7,7,7,10,10,10,35,46,35,1,37,51,58,1,49,45,53,0,36,35,51,0,36,49,56,0,61,65,65,0,0
9783,8302,735937,1,2,4,6,8,2,4,6,8,4,6,1,2,4,6,8,4,6,3,5,7,5,1,3,3,3,3,7,7,7,7,10,10,1,3,3,3,3,6,6,8,8,8,11,53,55,47,1,38,52,55,1,45,50,59,1,53,53,53,1,53,52,60,1,42,48,59,0,0
9869,8306,735938,1,2,4,6,8,4,6,3,5,7,5,1,2,4,6,8,4,6,3,5,7,5,1,3,3,3,3,6,6,8,8,8,11,1,3,3,3,3,6,6,8,8,8,11,55,48,50,1,62,59,38,1,45,54,41,0,48,55,44,1,53,42,53,1,53,39,57,0,1
8603,9910,735937,1,2,4,6,8,4,6,3,5,7,5,1,6,2,4,8,4,6,3,5,7,5,1,3,3,3,3,6,6,8,8,8,11,1,3,3,3,3,6,6,8,8,8,11,59,49,37,1,59,43,53,1,58,49,58,0,55,59,38,1,41,48,50,0,55,55,59,0,0
8558,8581,735939,1,2,4,6,8,4,6,3,5,7,5,1,2,4,6,8,5,2,4,6,8,5,1,3,3,3,3,6,6,8,8,8,11,1,3,3,3,3,6,8,8,8,8,11,50,52,44,1,52,60,40,0,37,40,45,0,62,36,65,1,71,42,65,1,36,33,42,0,0
7878,9906,735937,1,2,4,6,8,2,4,6,8,4,6,1,2,4,6,8,2,4,6,8,4,6,1,3,3,3,3,7,7,7,7,10,10,1,3,3,3,3,7,7,7,7,10,10,57,50,59,1,61,63,51,1,48,45,62,0,57,50,50,1,61,62,49,1,49,42,52,0,-1
8315,9864,735938,1,2,4,6,8,4,6,3,5,7,5,1,1,3,5,7,9,2,4,6,8,5,1,3,3,3,3,6,6,8,8,8,11,1,3,3,3,3,3,7,7,7,7,11,46,46,39,1,50,60,36,0,49,57,50,0,42,51,36,1,41,40,50,1,47,37,52,1,0
10205,8633,735945,1,2,4,6,8,2,4,6,8,4,6,1,2,4,6,8,5,7,4,6,3,5,1,3,3,3,3,7,7,7,7,10,10,1,3,3,3,3,8,8,6,6,8,11,48,42,36,0,36,52,55,0,47,48,44,0,50,57,46,0,61,41,63,0,52,60,63,0,1
8305,8560,735943,1,2,4,6,8,2,4,6,8,4,6,1,2,4,6,8,4,6,3,5,7,5,1,3,3,3,3,7,7,7,7,10,10,1,3,3,3,3,6,6,8,8,8,11,34,41,38,1,55,39,49,1,43,42,49,0,60,52,50,1,54,60,52,1,49,53,53,0,0
8372,10267,735945,1,2,4,6,8,2,4,6,8,4,6,1,2,4,6,8,5,2,6,8,4,5,1,3,3,3,3,7,7,7,7,10,10,1,3,3,3,3,6,8,8,8,8,11,62,51,52,1,59,55,52,1,37,56,49,0,35,46,35,1,37,51,58,1,49,45,53,0,0
8634,9783,735944,1,2,4,6,8,3,5,7,3,5,7,1,2,4,6,8,2,4,6,8,4,6,1,3,3,3,3,7,7,7,10,10,10,1,3,3,3,3,7,7,7,7,10,10,36,35,51,0,36,49,56,0,61,65,65,0,53,55,47,1,38,52,55,1,45,50,59,1,0
8302,9869,735944,1,2,4,6,8,4,6,3,5,7,5,1,2,4,6,8,4,6,3,5,7,5,1,3,3,3,3,6,6,8,8,8,11,1,3,3,3,3,6,6,8,8,8,11,53,53,53,1,53,52,60,1,42,48,59,0,55,48,50,1,62,59,38,1,45,54,41,0,1
8306,8603,735944,1,2,4,6,8,4,6,3,5,7,5,1,2,4,6,8,2,4,8,6,4,6,1,3,3,3,3,6,6,8,8,8,11,1,3,3,3,3,7,7,7,7,10,10,48,55,44,1,53,42,53,1,53,39,57,0,59,49,37,1,59,43,53,1,58,49,58,0,1
9910,8558,735944,1,2,4,6,8,4,6,3,5,7,5,1,2,4,6,8,2,4,6,8,4,6,1,3,3,3,3,6,6,8,8,8,11,1,3,3,3,3,7,7,7,7,10,10,55,59,38,1,41,48,50,0,55,55,59,0,50,52,44,1,52,60,40,0,37,40,45,0,1
8581,7878,735944,1,2,4,6,8,3,5,7,3,5,7,1,2,4,6,8,2,4,6,8,4,6,1,3,3,3,3,7,7,7,10,10,10,1,3,3,3,3,7,7,7,7,10,10,62,36,65,1,71,42,65,1,36,33,42,0,57,50,59,1,61,63,51,1,48,45,62,0,-1
9906,8315,735945,1,2,4,6,8,3,5,7,3,5,7,1,2,4,6,8,4,6,3,5,7,5,1,3,3,3,3,7,7,7,10,10,10,1,3,3,3,3,6,6,8,8,8,11,57,50,50,1,61,62,49,1,49,42,52,0,46,46,39,1,50,60,36,0,49,57,50,0,1
8370,9864,735945,1,2,4,6,8,4,6,3,5,7,5,1,2,4,6,8,2,4,6,8,4,6,1,3,3,3,3,6,6,8,8,8,11,1,3,3,3,3,7,7,7,7,10,10,29,52,44,1,44,44,47,1,54,52,63,0,42,51,36,1,41,40,50,1,47,37,52,1,-1
8633,8370,735952,1,2,4,6,8,3,5,7,3,5,7,1,2,4,6,8,4,6,3,5,7,5,1,3,3,3,3,7,7,7,10,10,10,1,3,3,3,3,6,6,8,8,8,11,50,57,46,0,61,41,63,0,52,60,63,0,29,52,44,1,44,44,47,1,54,52,63,0,1
8560,10205,735952,1,2,4,6,8,4,6,3,5,7,5,1,2,4,6,8,2,4,6,8,4,6,1,3,3,3,3,6,6,8,8,8,11,1,3,3,3,3,7,7,7,7,10,10,60,52,50,1,54,60,52,1,49,53,53,0,48,42,36,0,36,52,55,0,47,48,44,0,-1
10267,8305,735951,1,2,4,6,8,3,5,7,3,5,7,1,2,4,6,8,4,6,3,5,7,5,1,3,3,3,3,7,7,7,10,10,10,1,3,3,3,3,6,6,8,8,8,11,35,46,35,1,37,51,58,1,49,45,53,0,34,41,38,1,55,39,49,1,43,42,49,0,0
9783,8372,735951,1,2,4,6,8,2,4,6,8,4,6,1,2,4,6,8,2,4,6,8,4,6,1,3,3,3,3,7,7,7,7,10,10,1,3,3,3,3,7,7,7,7,10,10,53,55,47,1,38,52,55,1,45,50,59,1,62,51,52,1,59,55,52,1,37,56,49,0,1
9869,8634,736011,1,2,4,6,8,4,6,3,5,7,5,1,2,4,6,8,3,5,7,3,5,7,1,3,3,3,3,6,6,8,8,8,11,1,3,3,3,3,7,7,7,10,10,10,55,48,50,1,62,59,38,1,45,54,41,0,36,35,51,0,36,49,56,0,61,65,65,0,-1
8603,8302,735951,1,2,4,6,8,4,6,3,5,7,5,1,2,4,6,8,4,6,3,5,7,5,1,3,3,3,3,6,6,8,8,8,11,1,3,3,3,3,6,6,8,8,8,11,59,49,37,1,59,43,53,1,58,49,58,0,53,53,53,1,53,52,60,1,42,48,59,0,0
8558,8306,735951,1,2,4,6,8,4,6,3,5,7,5,1,2,4,6,8,4,6,3,5,7,5,1,3,3,3,3,6,6,8,8,8,11,1,3,3,3,3,6,6,8,8,8,11,50,52,44,1,52,60,40,0,37,40,45,0,48,55,44,1,53,42,53,1,53,39,57,0,1
7878,9910,735952,1,2,4,6,8,4,6,3,5,7,5,1,4,8,2,6,4,6,3,5,7,5,1,3,3,3,3,6,6,8,8,8,11,1,3,3,3,3,6,6,8,8,8,11,57,50,59,1,61,63,51,1,48,45,62,0,55,59,38,1,41,48,50,0,55,55,59,0,-1
8315,8581,735952,1,2,4,6,8,4,6,3,5,7,5,1,2,4,6,8,5,4,6,3,5,7,1,3,3,3,3,6,6,8,8,8,11,1,3,3,3,3,6,8,8,10,10,10,46,46,39,1,50,60,36,0,49,57,50,0,62,36,65,1,71,42,65,1,36,33,42,0,1
9864,9906,735952,1,2,4,6,8,4,6,3,5,7,5,1,2,4,6,8,3,5,7,3,5,7,1,3,3,3,3,6,6,8,8,8,11,1,3,3,3,3,7,7,7,10,10,10,42,51,36,1,41,40,50,1,47,37,52,1,57,50,50,1,61,62,49,1,49,42,52,0,1
8633,8560,735962,1,2,4,6,8,3,5,7,3,5,7,1,2,4,6,8,2,4,6,8,4,6,1,3,3,3,3,7,7,7,10,10,10,1,3,3,3,3,7,7,7,7,10,10,50,57,46,0,61,41,63,0,52,60,63,0,60,52,50,1,54,60,52,1,49,53,53,0,1
10205,10267,735963,1,2,4,6,8,2,4,6,8,4,6,1,1,3,5,7,9,3,5,7,4,6,1,3,3,3,3,7,7,7,7,10,10,1,3,3,3,3,3,7,7,7,10,10,48,42,36,0,36,52,55,0,47,48,44,0,35,46,35,1,37,51,58,1,49,45,53,0,1
8305,9783,735962,1,2,4,6,8,2,4,6,8,4,6,1,2,4,6,8,4,6,3,5,7,5,1,3,3,3,3,7,7,7,7,10,10,1,3,3,3,3,6,6,8,8,8,11,34,41,38,1,55,39,49,1,43,42,49,0,53,55,47,1,38,52,55,1,45,50,59,1,0
8372,9869,735962,1,2,4,6,8,4,6,3,5,7,5,1,2,4,6,8,4,6,3,5,7,5,1,3,3,3,3,6,6,8,8,8,11,1,3,3,3,3,6,6,8,8,8,11,62,51,52,1,59,55,52,1,37,56,49,0,55,48,50,1,62,59,38,1,45,54,41,0,1
8634,8603,735962,1,2,4,6,8,3,5,7,3,5,7,1,2,4,6,8,2,4,6,8,4,6,1,3,3,3,3,7,7,7,10,10,10,1,3,3,3,3,7,7,7,7,10,10,36,35,51,0,36,49,56,0,61,65,65,0,59,49,37,1,59,43,53,1,58,49,58,0,1
8302,8558,735962,1,2,4,6,8,4,6,3,5,7,5,1,2,4,6,8,4,6,3,5,7,5,1,3,3,3,3,6,6,8,8,8,11,1,3,3,3,3,6,6,8,8,8,11,53,53,53,1,53,52,60,1,42,48,59,0,50,52,44,1,52,60,40,0,37,40,45,0,1
8306,7878,735962,1,2,4,6,8,4,6,3,5,7,5,1,2,4,6,8,4,6,3,5,7,5,1,3,3,3,3,6,6,8,8,8,11,1,3,3,3,3,6,6,8,8,8,11,48,55,44,1,53,42,53,1,53,39,57,0,57,50,59,1,61,63,51,1,48,45,62,0,1
9910,8315,735962,1,2,4,6,8,4,6,3,5,7,5,1,2,4,6,8,4,6,3,5,7,5,1,3,3,3,3,6,6,8,8,8,11,1,3,3,3,3,6,6,8,8,8,11,55,59,38,1,41,48,50,0,55,55,59,0,46,46,39,1,50,60,36,0,49,57,50,0,-1
8581,9864,735962,1,2,4,6,8,3,5,7,3,5,7,1,2,4,6,8,2,4,6,8,4,6,1,3,3,3,3,7,7,7,10,10,10,1,3,3,3,3,7,7,7,7,10,10,62,36,65,1,71,42,65,1,36,33,42,0,42,51,36,1,41,40,50,1,47,37,52,1,-1
8370,9906,735962,1,2,4,6,8,2,4,6,8,4,6,1,2,4,6,8,3,5,7,3,5,7,1,3,3,3,3,7,7,7,7,10,10,1,3,3,3,3,7,7,7,10,10,10,29,52,44,1,44,44,47,1,54,52,63,0,57,50,50,1,61,62,49,1,49,42,52,0,-1
8370,8560,735966,1,2,4,6,8,4,6,3,5,7,5,1,2,4,6,8,4,6,3,5,7,5,1,3,3,3,3,6,6,8,8,8,11,1,3,3,3,3,6,6,8,8,8,11,29,52,44,1,44,44,47,1,54,52,63,0,60,52,50,1,54,60,52,1,49,53,53,0,0
10267,8633,735966,1,2,4,6,8,1,3,5,7,9,5,1,2,4,6,8,3,5,7,3,5,7,1,3,3,3,3,7,7,7,7,7,11,1,3,3,3,3,7,7,7,10,10,10,35,46,35,1,37,51,58,1,49,45,53,0,50,57,46,0,61,41,63,0,52,60,63,0,0
9783,10205,735966,1,2,4,6,8,4,6,3,5,7,5,1,2,4,6,8,2,4,6,8,4,6,1,3,3,3,3,6,6,8,8,8,11,1,3,3,3,3,7,7,7,7,10,10,53,55,47,1,38,52,55,1,45,50,59,1,48,42,36,0,36,52,55,0,47,48,44,0,-1
9869,8305,735967,1,2,4,6,8,2,4,6,8,4,6,1,2,4,6,8,4,6,3,5,7,5,1,3,3,3,3,7,7,7,7,10,10,1,3,3,3,3,6,6,8,8,8,11,55,48,50,1,62,59,38,1,45,54,41,0,34,41,38,1,55,39,49,1,43,42,49,0,-1
8603,8372,735966,1,2,4,6,8,4,6,3,5,7,5,1,2,4,6,8,4,6,3,5,7,5,1,3,3,3,3,6,6,8,8,8,11,1,3,3,3,3,6,6,8,8,8,11,59,49,37,1,59,43,53,1,58,49,58,0,62,51,52,1,59,55,52,1,37,56,49,0,-1
8558,8634,735965,1,2,4,6,8,4,6,3,5,7,5,1,2,4,6,8,3,5,7,3,5,7,1,3,3,3,3,6,6,8,8,8,11,1,3,3,3,3,7,7,7,10,10,10,50,52,44,1,52,60,40,0,37,40,45,0,36,35,51,0,36,49,56,0,61,65,65,0,0
7878,8302,735966,1,1,3,5,7,9,3,5,7,4,6,1,2,4,6,8,2,4,6,8,4,6,1,3,3,3,3,3,7,7,7,10,10,1,3,3,3,3,7,7,7,7,10,10,57,50,59,1,61,63,51,1,48,45,62,0,53,53,53,1,53,52,60,1,42,48,59,0,1
8315,8306,735966,1,2,4,6,8,4,6,3,5,7,5,1,2,4,6,8,4,6,3,5,7,5,1,3,3,3,3,6,6,8,8,8,11,1,3,3,3,3,6,6,8,8,8,11,46,46,39,1,50,60,36,0,49,57,50,0,48,55,44,1,53,42,53,1,53,39,57,0,0
9864,9910,735965,1,2,4,6,8,2,4,6,8,4,6,1,2,4,6,8,3,5,7,3,5,7,1,3,3,3,3,7,7,7,7,10,10,1,3,3,3,3,7,7,7,10,10,10,42,51,36,1,41,40,50,1,47,37,52,1,55,59,38,1,41,48,50,0,55,55,59,0,1
9906,8581,735965,1,2,4,6,8,3,5,7,3,5,7,1,2,4,6,8,4,6,3,5,7,5,1,3,3,3,3,7,7,7,10,10,10,1,3,3,3,3,6,6,8,8,8,11,57,50,50,1,61,62,49,1,49,42,52,0,62,36,65,1,71,42,65,1,36,33,42,0,1
8560,10267,735973,1,2,4,6,8,4,6,3,5,7,5,1,2,4,6,8,2,4,6,8,4,6,1,3,3,3,3,6,6,8,8,8,11,1,3,3,3,3,7,7,7,7,10,10,60,52,50,1,54,60,52,1,49,53,53,0,35,46,35,1,37,51,58,1,49,45,53,0,1
8633,9783,735972,1,2,4,6,8,4,6,3,5,7,5,1,2,4,6,8,4,6,3,5,7,5,1,3,3,3,3,6,6,8,8,8,11,1,3,3,3,3,6,6,8,8,8,11,50,57,46,0,61,41,63,0,52,60,63,0,53,55,47,1,38,52,55,1,45,50,59,1,1
10205,9869,735973,1,2,4,6,8,2,4,6,8,4,6,1,2,4,6,8,4,6,3,5,7,5,1,3,3,3,3,7,7,7,7,10,10,1,3,3,3,3,6,6,8,8,8,11,48,42,36,0,36,52,55,0,47,48,44,0,55,48,50,1,62,59,38,1,45,54,41,0,1
8305,8603,735972,1,2,4,6,8,4,6,3,5,7,5,1,2,4,6,8,2,4,6,8,4,6,1,3,3,3,3,6,6,8,8,8,11,1,3,3,3,3,7,7,7,7,10,10,34,41,38,1,55,39,49,1,43,42,49,0,59,49,37,1,59,43,53,1,58,49,58,0,1
8372,8558,735973,1,2,4,6,8,2,4,6,8,4,6,1,2,4,6,8,4,6,3,5,7,5,1,3,3,3,3,7,7,7,7,10,10,1,3,3,3,3,6,6,8,8,8,11,62,51,52,1,59,55,52,1,37,56,49,0,50,52,44,1,52,60,40,0,37,40,45,0,1
8634,7878,735972,1,2,4,6,8,3,5,7,3,5,7,1,1,3,5,7,9,3,5,7,4,6,1,3,3,3,3,7,7,7,10,10,10,1,3,3,3,3,3,7,7,7,10,10,36,35,51,0,36,49,56,0,61,65,65,0,57,50,59,1,61,63,51,1,48,45,62,0,1
8302,8315,735972,1,2,4,6,8,4,6,3,5,7,5,1,2,4,6,8,4,6,3,5,7,5,1,3,3,3,3,6,6,8,8,8,11,1,3,3,3,3,6,6,8,8,8,11,53,53,53,1,53,52,60,1,42,48,59,0,46,46,39,1,50,60,36,0,49,57,50,0,1
8306,9864,735973,1,2,4,6,8,4,6,3,5,7,5,1,2,4,6,8,2,4,6,8,4,6,1,3,3,3,3,6,6,8,8,8,11,1,3,3,3,3,7,7,7,7,10,10,48,55,44,1,53,42,53,1,53,39,57,0,42,51,36,1,41,40,50,1,47,37,52,1,0
9910,9906,735973,1,2,4,6,8,3,5,7,3,5,7,1,2,4,6,8,2,4,6,8,4,6,1,3,3,3,3,7,7,7,10,10,10,1,3,3,3,3,7,7,7,7,10,10,55,59,38,1,41,48,50,0,55,55,59,0,57,50,50,1,61,62,49,1,49,42,52,0,-1
8581,8370,735972,1,2,4,6,8,3,5,7,3,5,7,1,2,4,6,8,4,6,3,5,7,5,1,3,3,3,3,7,7,7,10,10,10,1,3,3,3,3,6,6,8,8,8,11,62,36,65,1,71,42,65,1,36,33,42,0,29,52,44,1,44,44,47,1,54,52,63,0,1
9910,8370,735839,1,2,4,6,8,4,6,3,5,7,5,1,2,4,6,8,4,6,3,5,7,5,1,3,3,3,3,6,6,8,8,8,11,1,3,3,3,3,6,6,8,8,8,11,55,59,38,1,41,48,50,0,55,55,59,0,29,52,44,1,44,44,47,1,54,52,63,0,1
8306,8581,735840,1,1,3,5,7,9,2,4,6,8,5,1,1,3,5,7,9,3,5,7,4,6,1,3,3,3,3,3,7,7,7,7,11,1,3,3,3,3,3,7,7,7,10,10,48,55,44,1,53,42,53,1,53,39,57,0,62,36,65,1,71,42,65,1,36,33,42,0,0
8302,9906,735840,1,2,4,6,8,4,6,3,5,7,5,1,2,4,6,8,2,4,6,8,4,6,1,3,3,3,3,6,6,8,8,8,11,1,3,3,3,3,7,7,7,7,10,10,53,53,53,1,53,52,60,1,42,48,59,0,57,50,50,1,61,62,49,1,49,42,52,0,-1
8634,9864,735839,1,2,4,6,8,3,5,7,3,5,7,1,2,4,6,8,4,6,3,5,7,5,1,3,3,3,3,7,7,7,10,10,10,1,3,3,3,3,6,6,8,8,8,11,36,35,51,0,36,49,56,0,61,65,65,0,42,51,36,1,41,40,50,1,47,37,52,1,1
8372,8315,735840,1,2,4,6,8,4,6,3,5,7,5,1,2,4,6,8,4,6,3,5,7,5,1,3,3,3,3,6,6,8,8,8,11,1,3,3,3,3,6,6,8,8,8,11,62,51,52,1,59,55,52,1,37,56,49,0,46,46,39,1,50,60,36,0,49,57,50,0,1
8305,7878,735840,1,2,4,6,8,4,6,3,5,7,5,1,2,4,6,8,4,6,3,5,7,5,1,3,3,3,3,6,6,8,8,8,11,1,3,3,3,3,6,6,8,8,8,11,34,41,38,1,55,39,49,1,43,42,49,0,57,50,59,1,61,63,51,1,48,45,62,0,-1
10205,8558,735838,1,2,4,6,8,2,4,6,8,4,6,1,2,4,6,8,2,4,6,8,4,6,1,3,3,3,3,7,7,7,7,10,10,1,3,3,3,3,7,7,7,7,10,10,48,42,36,0,36,52,55,0,47,48,44,0,50,52,44,1,52,60,40,0,37,40,45,0,1
8633,8603,735839,1,2,4,6,8,4,6,3,5,7,5,1,2,4,6,8,4,6,3,5,7,5,1,3,3,3,3,6,6,8,8,8,11,1,3,3,3,3,6,6,8,8,8,11,50,57,46,0,61,41,63,0,52,60,63,0,59,49,37,1,59,43,53,1,58,49,58,0,1
8560,9869,735839,1,4,6,8,2,4,6,3,5,7,5,1,2,4,6,8,2,4,6,8,4,6,1,3,3,3,3,6,6,8,8,8,11,1,3,3,3,3,7,7,7,7,10,10,60,52,50,1,54,60,52,1,49,53,53,0,55,48,50,1,62,59,38,1,45,54,41,0,0
10267,9783,735840,1,2,4,6,8,5,2,4,6,8,5,1,2,4,6,8,4,6,3,5,7,5,1,3,3,3,3,6,8,8,8,8,11,1,3,3,3,3,6,6,8,8,8,11,35,46,35,1,37,51,58,1,49,45,53,0,53,55,47,1,38,52,55,1,45,50,59,1,0
9910,8581,735979,1,2,4,6,8,4,6,3,5,7,5,1,2,4,6,8,5,2,4,6,8,5,1,3,3,3,3,6,6,8,8,8,11,1,3,3,3,3,6,8,8,8,8,11,55,59,38,1,41,48,50,0,55,55,59,0,62,36,65,1,71,42,65,1,36,33,42,0,1
8306,9906,735980,1,2,4,6,8,4,6,3,5,7,5,1,2,4,6,8,2,4,6,8,4,6,1,3,3,3,3,6,6,8,8,8,11,1,3,3,3,3,7,7,7,7,10,10,48,55,44,1,53,42,53,1,53,39,57,0,57,50,50,1,61,62,49,1,49,42,52,0,-1
8302,9864,735979,1,2,4,6,8,4,6,3,5,7,5,1,2,4,6,8,2,4,6,8,4,6,1,3,3,3,3,6,6,8,8,8,11,1,3,3,3,3,7,7,7,7,10,10,53,53,53,1,53,52,60,1,42,48,59,0,42,51,36,1,41,40,50,1,47,37,52,1,1
8634,8315,735980,1,2,4,6,8,3,5,7,3,5,7,1,2,4,6,8,4,6,3,5,7,5,1,3,3,3,3,7,7,7,10,10,10,1,3,3,3,3,6,6,8,8,8,11,36,35,51,0,36,49,56,0,61,65,65,0,46,46,39,1,50,60,36,0,49,57,50,0,1
8372,7878,735981,1,2,4,6,8,2,4,6,8,4,6,1,4,2,6,8,3,5,7,3,5,7,1,3,3,3,3,7,7,7,7,10,10,1,3,3,3,3,7,7,7,10,10,10,62,51,52,1,59,55,52,1,37,56,49,0,57,50,59,1,61,63,51,1,48,45,62,0,1
8305,8558,735980,1,2,4,6,8,4,6,3,5,7,5,1,2,4,6,8,4,6,3,5,7,5,1,3,3,3,3,6,6,8,8,8,11,1,3,3,3,3,6,6,8,8,8,11,34,41,38,1,55,39,49,1,43,42,49,0,50,52,44,1,52,60,40,0,37,40,45,0,1
10205,8603,735979,1,2,4,6,8,2,4,6,8,4,6,1,2,4,6,8,4,6,3,5,7,5,1,3,3,3,3,7,7,7,7,10,10,1,3,3,3,3,6,6,8,8,8,11,48,42,36,0,36,52,55,0,47,48,44,0,59,49,37,1,59,43,53,1,58,49,58,0,0
8633,9869,735980,1,2,4,6,8,3,5,7,3,5,7,1,2,4,6,8,4,6,3,5,7,5,1,3,3,3,3,7,7,7,10,10,10,1,3,3,3,3,6,6,8,8,8,11,50,57,46,0,61,41,63,0,52,60,63,0,55,48,50,1,62,59,38,1,45,54,41,0,1
8560,9783,735979,1,2,4,6,8,4,6,3,5,7,5,1,2,4,6,8,4,6,3,5,7,5,1,3,3,3,3,6,6,8,8,8,11,1,3,3,3,3,6,6,8,8,8,11,60,52,50,1,54,60,52,1,49,53,53,0,53,55,47,1,38,52,55,1,45,50,59,1,0
10267,8370,735980,1,2,4,6,8,5,2,4,6,8,5,1,2,4,6,8,4,6,3,5,7,5,1,3,3,3,3,6,8,8,8,8,11,1,3,3,3,3,6,6,8,8,8,11,35,46,35,1,37,51,58,1,49,45,53,0,29,52,44,1,44,44,47,1,54,52,63,0,0
8370,9910,735986,1,2,4,6,8,4,6,3,5,7,5,1,2,4,6,8,4,6,3,5,7,5,1,3,3,3,3,6,6,8,8,8,11,1,3,3,3,3,6,6,8,8,8,11,29,52,44,1,44,44,47,1,54,52,63,0,55,59,38,1,41,48,50,0,55,55,59,0,1
8581,8306,735988,1,2,4,6,8,4,6,3,5,7,5,1,2,4,6,8,4,3,5,7,6,5,1,3,3,3,3,6,6,8,8,8,11,1,3,3,3,3,6,8,8,8,6,11,62,36,65,1,71,42,65,1,36,33,42,0,48,55,44,1,53,42,53,1,53,39,57,0,1
9906,8302,735987,1,2,4,6,8,2,4,6,8,4,6,1,2,4,6,8,4,6,3,5,7,5,1,3,3,3,3,7,7,7,7,10,10,1,3,3,3,3,6,6,8,8,8,11,57,50,50,1,61,62,49,1,49,42,52,0,53,53,53,1,53,52,60,1,42,48,59,0,0
9864,8634,735986,1,2,4,6,8,2,4,6,8,4,6,1,2,4,6,8,3,5,7,3,5,7,1,3,3,3,3,7,7,7,7,10,10,1,3,3,3,3,7,7,7,10,10,10,42,51,36,1,41,40,50,1,47,37,52,1,36,35,51,0,36,49,56,0,61,65,65,0,-1
8315,8372,735987,1,2,4,6,8,4,6,3,5,7,5,1,2,4,6,8,2,4,6,8,4,6,1,3,3,3,3,6,6,8,8,8,11,1,3,3,3,3,7,7,7,7,10,10,46,46,39,1,50,60,36,0,49,57,50,0,62,51,52,1,59,55,52,1,37,56,49,0,1
7878,8305,735986,1,2,4,6,8,4,6,3,5,7,5,1,2,4,6,8,4,6,3,5,7,5,1,3,3,3,3,6,6,8,8,8,11,1,3,3,3,3,6,6,8,8,8,11,57,50,59,1,61,63,51,1,48,45,62,0,34,41,38,1,55,39,49,1,43,42,49,0,1
8558,10205,735986,1,2,4,6,8,4,6,3,5,7,5,1,2,4,6,8,2,4,6,8,4,6,1,3,3,3,3,6,6,8,8,8,11,1,3,3,3,3,7,7,7,7,10,10,50,52,44,1,52,60,40,0,37,40,45,0,48,42,36,0,36,52,55,0,47,48,44,0,0
8603,8633,735987,1,2,4,6,8,4,6,3,5,7,5,1,2,4,6,8,3,5,7,3,5,7,1,3,3,3,3,6,6,8,8,8,11,1,3,3,3,3,7,7,7,10,10,10,59,49,37,1,59,43,53,1,58,49,58,0,50,57,46,0,61,41,63,0,52,60,63,0,0
9869,8560,735985,1,2,4,6,8,4,6,3,5,7,5,1,2,4,6,8,3,5,7,3,5,7,1,3,3,3,3,6,6,8,8,8,11,1,3,3,3,3,7,7,7,10,10,10,55,48,50,1,62,59,38,1,45,54,41,0,60,52,50,1,54,60,52,1,49,53,53,0,1
9783,10267,735987,1,2,4,6,8,2,4,6,8,4,6,1,2,4,6,8,4,6,3,5,7,5,1,3,3,3,3,7,7,7,7,10,10,1,3,3,3,3,6,6,8,8,8,11,53,55,47,1,38,52,55,1,45,50,59,1,35,46,35,1,37,51,58,1,49,45,53,0,0
8306,9910,735994,1,2,4,6,8,4,6,3,5,7,5,1,2,4,6,8,4,6,3,5,7,5,1,3,3,3,3,6,6,8,8,8,11,1,3,3,3,3,6,6,8,8,8,11,48,55,44,1,53,42,53,1,53,39,57,0,55,59,38,1,41,48,50,0,55,55,59,0,1
8302,8581,735994,1,2,4,6,8,4,6,3,5,7,5,1,2,4,6,8,3,5,7,3,5,7,1,3,3,3,3,6,6,8,8,8,11,1,3,3,3,3,7,7,7,10,10,10,53,53,53,1,53,52,60,1,42,48,59,0,62,36,65,1,71,42,65,1,36,33,42,0,1
8634,9906,735993,1,2,4,6,8,3,5,7,3,5,7,1,2,4,6,8,5,2,4,6,8,5,1,3,3,3,3,7,7,7,10,10,10,1,3,3,3,3,6,8,8,8,8,11,36,35,51,0,36,49,56,0,61,65,65,0,57,50,50,1,61,62,49,1,49,42,52,0,1
8372,9864,735993,1,2,4,6,8,2,4,6,8,4,6,1,2,4,6,8,2,4,6,8,4,6,1,3,3,3,3,7,7,7,7,10,10,1,3,3,3,3,7,7,7,7,10,10,62,51,52,1,59,55,52,1,37,56,49,0,42,51,36,1,41,40,50,1,47,37,52,1,-1
8305,8315,735993,1,2,4,6,8,4,6,3,5,7,5,1,2,4,6,8,4,6,3,5,7,5,1,3,3,3,3,6,6,8,8,8,11,1,3,3,3,3,6,6,8,8,8,11,34,41,38,1,55,39,49,1,43,42,49,0,46,46,39,1,50,60,36,0,49,57,50,0,-1
10205,7878,735993,1,2,4,6,8,2,4,6,8,4,6,1,2,4,6,8,4,6,3,5,7,5,1,3,3,3,3,7,7,7,7,10,10,1,3,3,3,3,6,6,8,8,8,11,48,42,36,0,36,52,55,0,47,48,44,0,57,50,59,1,61,63,51,1,48,45,62,0,1
8633,8558,735994,1,2,4,6,8,2,4,6,8,4,6,1,2,4,6,8,4,6,3,5,7,5,1,3,3,3,3,7,7,7,7,10,10,1,3,3,3,3,6,6,8,8,8,11,50,57,46,0,61,41,63,0,52,60,63,0,50,52,44,1,52,60,40,0,37,40,45,0,1
8560,8603,735993,1,2,4,6,8,4,6,3,5,7,5,1,2,4,6,8,4,6,3,5,7,5,1,3,3,3,3,6,6,8,8,8,11,1,3,3,3,3,6,6,8,8,8,11,60,52,50,1,54,60,52,1,49,53,53,0,59,49,37,1,59,43,53,1,58,49,58,0,1
10267,9869,735994,1,2,4,6,8,4,6,3,5,7,5,1,2,4,6,8,4,6,3,5,7,5,1,3,3,3,3,6,6,8,8,8,11,1,3,3,3,3,6,6,8,8,8,11,35,46,35,1,37,51,58,1,49,45,53,0,55,48,50,1,62,59,38,1,45,54,41,0,-1
9783,8370,735995,1,2,4,6,8,4,6,3,5,7,5,1,2,4,6,8,4,6,3,5,7,5,1,3,3,3,3,6,6,8,8,8,11,1,3,3,3,3,6,6,8,8,8,11,53,55,47,1,38,52,55,1,45,50,59,1,29,52,44,1,44,44,47,1,54,52,63,0,0
8370,8306,736000,1,2,4,6,8,4,6,3,5,7,5,1,2,4,6,8,4,6,3,5,7,5,1,3,3,3,3,6,6,8,8,8,11,1,3,3,3,3,6,6,8,8,8,11,29,52,44,1,44,44,47,1,54,52,63,0,48,55,44,1,53,42,53,1,53,39,57,0,1
9910,8302,736001,1,2,4,6,8,4,6,3,5,7,5,1,2,4,6,8,4,6,3,5,7,5,1,3,3,3,3,6,6,8,8,8,11,1,3,3,3,3,6,6,8,8,8,11,55,59,38,1,41,48,50,0,55,55,59,0,53,53,53,1,53,52,60,1,42,48,59,0,0
8581,8634,736001,1,2,4,6,8,4,6,3,5,7,5,1,2,4,6,8,3,5,7,3,5,7,1,3,3,3,3,6,6,8,8,8,11,1,3,3,3,3,7,7,7,10,10,10,62,36,65,1,71,42,65,1,36,33,42,0,36,35,51,0,36,49,56,0,61,65,65,0,-1
9906,8372,736000,1,2,4,6,8,2,4,6,8,4,6,1,2,4,6,8,4,6,3,5,7,5,1,3,3,3,3,7,7,7,7,10,10,1,3,3,3,3,6,6,8,8,8,11,57,50,50,1,61,62,49,1,49,42,52,0,62,51,52,1,59,55,52,1,37,56,49,0,1
9864,8305,735999,1,2,4,6,8,2,4,6,8,4,6,1,2,4,6,8,4,6,3,5,7,5,1,3,3,3,3,7,7,7,7,10,10,1,3,3,3,3,6,6,8,8,8,11,42,51,36,1,41,40,50,1,47,37,52,1,34,41,38,1,55,39,49,1,43,42,49,0,1
8315,10205,736000,1,2,4,6,8,4,6,3,5,7,5,1,2,4,6,8,2,4,6,8,4,6,1,3,3,3,3,6,6,8,8,8,11,1,3,3,3,3,7,7,7,7,10,10,46,46,39,1,50,60,36,0,49,57,50,0,48,42,36,0,36,52,55,0,47,48,44,0,0
7878,8633,736001,1,2,4,6,8,4,6,3,5,7,5,1,2,4,6,8,3,5,7,3,5,7,1,3,3,3,3,6,6,8,8,8,11,1,3,3,3,3,7,7,7,10,10,10,57,50,59,1,61,63,51,1,48,45,62,0,50,57,46,0,61,41,63,0,52,60,63,0,-1
8558,8560,736002,1,2,4,6,8,4,6,3,5,7,5,1,2,4,6,8,5,2,4,6,8,5,1,3,3,3,3,6,6,8,8,8,11,1,3,3,3,3,6,8,8,8,8,11,50,52,44,1,52,60,40,0,37,40,45,0,60,52,50,1,54,60,52,1,49,53,53,0,-1
8603,10267,736001,1,2,4,6,8,2,4,6,8,4,6,1,2,4,6,8,5,2,4,6,8,5,1,3,3,3,3,7,7,7,7,10,10,1,3,3,3,3,6,8,8,8,8,11,59,49,37,1,59,43,53,1,58,49,58,0,35,46,35,1,37,51,58,1,49,45,53,0,1
9869,9783,736000,1,2,4,6,8,4,6,3,5,7,5,1,2,4,6,8,4,6,3,5,7,5,1,3,3,3,3,6,6,8,8,8,11,1,3,3,3,3,6,6,8,8,8,11,55,48,50,1,62,59,38,1,45,54,41,0,53,55,47,1,38,52,55,1,45,50,59,1,0
8302,8306,736008,1,2,4,6,8,4,6,3,5,7,5,1,2,4,6,8,2,4,6,8,5,5,1,3,3,3,3,6,6,8,8,8,11,1,3,3,3,3,7,7,7,7,9,11,53,53,53,1,53,52,60,1,42,48,59,0,48,55,44,1,53,42,53,1,53,39,57,0,1
8634,9910,736008,1,2,4,6,8,3,5,7,3,5,7,1,2,4,6,8,3,5,7,3,5,7,1,3,3,3,3,7,7,7,10,10,10,1,3,3,3,3,7,7,7,10,10,10,36,35,51,0,36,49,56,0,61,65,65,0,55,59,38,1,41,48,50,0,55,55,59,0,1
8372,8581,736008,1,2,4,6,8,4,6,3,5,7,5,1,2,4,6,8,3,5,7,3,5,7,1,3,3,3,3,6,6,8,8,8,11,1,3,3,3,3,7,7,7,10,10,10,62,51,52,1,59,55,52,1,37,56,49,0,62,36,65,1,71,42,65,1,36,33,42,0,1
8305,9906,736008,1,2,4,6,8,5,2,4,6,8,5,1,2,4,6,8,2,4,6,8,4,6,1,3,3,3,3,6,8,8,8,8,11,1,3,3,3,3,7,7,7,7,10,10,34,41,38,1,55,39,49,1,43,42,49,0,57,50,50,1,61,62,49,1,49,42,52,0,-1
10205,9864,736007,1,2,4,6,8,2,4,6,8,4,6,1,2,4,6,8,2,4,6,8,4,6,1,3,3,3,3,7,7,7,7,10,10,1,3,3,3,3,7,7,7,7,10,10,48,42,36,0,36,52,55,0,47,48,44,0,42,51,36,1,41,40,50,1,47,37,52,1,1
8633,8315,736007,1,2,4,6,8,3,5,7,3,5,7,1,2,4,6,8,4,6,3,5,7,5,1,3,3,3,3,7,7,7,10,10,10,1,3,3,3,3,6,6,8,8,8,11,50,57,46,0,61,41,63,0,52,60,63,0,46,46,39,1,50,60,36,0,49,57,50,0,1
8560,7878,736008,1,2,4,6,8,4,6,3,5,7,5,1,2,4,6,8,4,6,3,5,7,5,1,3,3,3,3,6,6,8,8,8,11,1,3,3,3,3,6,6,8,8,8,11,60,52,50,1,54,60,52,1,49,53,53,0,57,50,59,1,61,63,51,1,48,45,62,0,1
10267,8558,736007,1,2,4,6,8,4,6,3,5,7,5,1,2,4,6,8,4,6,3,5,7,5,1,3,3,3,3,6,6,8,8,8,11,1,3,3,3,3,6,6,8,8,8,11,35,46,35,1,37,51,58,1,49,45,53,0,50,52,44,1,52,60,40,0,37,40,45,0,1
9783,8603,736007,1,2,4,6,8,4,6,3,5,7,5,1,2,4,6,8,2,4,6,8,4,6,1,3,3,3,3,6,6,8,8,8,11,1,3,3,3,3,7,7,7,7,10,10,53,55,47,1,38,52,55,1,45,50,59,1,59,49,37,1,59,43,53,1,58,49,58,0,0
9869,8370,736006,1,2,4,6,8,4,6,3,5,7,5,1,2,4,6,8,4,6,3,5,7,5,1,3,3,3,3,6,6,8,8,8,11,1,3,3,3,3,6,6,8,8,8,11,55,48,50,1,62,59,38,1,45,54,41,0,29,52,44,1,44,44,47,1,54,52,63,0,0
8370,8302,736015,1,2,4,6,8,4,6,3,5,7,5,1,2,4,6,8,4,6,3,5,7,5,1,3,3,3,3,6,6,8,8,8,11,1,3,3,3,3,6,6,8,8,8,11,29,52,44,1,44,44,47,1,54,52,63,0,53,53,53,1,53,52,60,1,42,48,59,0,0
8306,8634,736014,1,2,4,6,8,4,6,3,5,7,5,1,2,4,6,8,3,5,7,3,5,7,1,3,3,3,3,6,6,8,8,8,11,1,3,3,3,3,7,7,7,10,10,10,48,55,44,1,53,42,53,1,53,39,57,0,36,35,51,0,36,49,56,0,61,65,65,0,-1
9910,8372,736014,1,2,4,6,8,4,6,3,5,7,5,1,2,4,6,8,4,6,3,5,7,5,1,3,3,3,3,6,6,8,8,8,11,1,3,3,3,3,6,6,8,8,8,11,55,59,38,1,41,48,50,0,55,55,59,0,62,51,52,1,59,55,52,1,37,56,49,0,1
8581,8305,736013,1,2,4,6,8,2,4,6,8,4,6,1,2,4,6,8,4,6,3,5,7,5,1,3,3,3,3,7,7,7,7,10,10,1,3,3,3,3,6,6,8,8,8,11,62,36,65,1,71,42,65,1,36,33,42,0,34,41,38,1,55,39,49,1,43,42,49,0,1
9906,10205,736015,1,2,4,6,8,2,4,6,8,4,6,1,2,4,8,6,2,4,6,8,4,6,1,3,3,3,3,7,7,7,7,10,10,1,3,3,3,3,7,7,7,7,10,10,57,50,50,1,61,62,49,1,49,42,52,0,48,42,36,0,36,52,55,0,47,48,44,0,0
9864,8633,736015,1,2,4,6,8,2,4,6,8,4,6,1,2,4,6,8,3,5,7,3,5,7,1,3,3,3,3,7,7,7,7,10,10,1,3,3,3,3,7,7,7,10,10,10,42,51,36,1,41,40,50,1,47,37,52,1,50,57,46,0,61,41,63,0,52,60,63,0,0
8315,8560,736015,1,2,4,6,8,6,3,5,7,4,5,1,2,4,6,8,3,5,7,3,5,7,1,3,3,3,3,6,8,8,8,6,11,1,3,3,3,3,7,7,7,10,10,10,46,46,39,1,50,60,36,0,49,57,50,0,60,52,50,1,54,60,52,1,49,53,53,0,-1
7878,10267,736015,1,2,4,6,8,4,6,3,5,7,5,1,2,4,6,8,4,6,3,5,7,5,1,3,3,3,3,6,6,8,8,8,11,1,3,3,3,3,6,6,8,8,8,11,57,50,59,1,61,63,51,1,48,45,62,0,35,46,35,1,37,51,58,1,49,45,53,0,-1
8558,9783,736014,1,2,4,6,8,4,6,3,5,7,5,1,2,4,6,8,3,5,7,3,5,7,1,3,3,3,3,6,6,8,8,8,11,1,3,3,3,3,7,7,7,10,10,10,50,52,44,1,52,60,40,0,37,40,45,0,53,55,47,1,38,52,55,1,45,50,59,1,1
8603,9869,736014,1,2,4,6,8,2,4,6,8,4,6,1,2,4,6,8,4,6,3,5,7,5,1,3,3,3,3,7,7,7,7,10,10,1,3,3,3,3,6,6,8,8,8,11,59,49,37,1,59,43,53,1,58,49,58,0,55,48,50,1,62,59,38,1,45,54,41,0,0
8634,8302,736022,1,2,4,6,8,3,5,7,3,5,7,1,2,4,6,8,4,6,5,7,3,5,1,3,3,3,3,7,7,7,10,10,10,1,3,3,3,3,6,6,8,8,8,11,36,35,51,0,36,49,56,0,61,65,65,0,53,53,53,1,53,52,60,1,42,48,59,0,1
8372,8306,736020,1,2,4,6,8,2,4,6,8,4,6,1,2,4,6,8,5,2,4,6,8,5,1,3,3,3,3,7,7,7,7,10,10,1,3,3,3,3,6,8,8,8,8,11,62,51,52,1,59,55,52,1,37,56,49,0,48,55,44,1,53,42,53,1,53,39,57,0,-1
8305,9910,736021,1,2,4,6,8,4,6,3,5,7,5,1,2,4,6,8,4,6,3,5,7,5,1,3,3,3,3,6,6,8,8,8,11,1,3,3,3,3,6,6,8,8,8,11,34,41,38,1,55,39,49,1,43,42,49,0,55,59,38,1,41,48,50,0,55,55,59,0,-1
10205,8581,736022,1,2,4,6,8,2,4,6,8,4,6,1,2,4,6,8,2,4,6,8,4,6,1,3,3,3,3,7,7,7,7,10,10,1,3,3,3,3,7,7,7,7,10,10,48,42,36,0,36,52,55,0,47,48,44,0,62,36,65,1,71,42,65,1,36,33,42,0,1
8633,9906,736021,1,2,4,6,8,2,4,6,8,4,6,1,2,4,6,8,2,4,6,8,4,6,1,3,3,3,3,7,7,7,7,10,10,1,3,3,3,3,7,7,7,7,10,10,50,57,46,0,61,41,63,0,52,60,63,0,57,50,50,1,61,62,49,1,49,42,52,0,-1
8560,9864,736021,1,2,4,6,8,3,5,7,3,5,7,1,2,4,6,8,2,4,6,8,4,6,1,3,3,3,3,7,7,7,10,10,10,1,3,3,3,3,7,7,7,7,10,10,60,52,50,1,54,60,52,1,49,53,53,0,42,51,36,1,41,40,50,1,47,37,52,1,0
10267,8315,736022,1,2,4,6,8,4,6,3,5,7,5,1,2,4,6,8,4,6,3,5,7,5,1,3,3,3,3,6,6,8,8,8,11,1,3,3,3,3,6,6,8,8,8,11,35,46,35,1,37,51,58,1,49,45,53,0,46,46,39,1,50,60,36,0,49,57,50,0,-1
9783,7878,736022,1,2,4,8,6,3,5,7,3,5,7,1,4,6,2,8,2,4,6,8,4,6,1,3,3,3,3,7,7,7,10,10,10,1,3,3,3,3,7,7,7,7,10,10,53,55,47,1,38,52,55,1,45,50,59,1,57,50,59,1,61,63,51,1,48,45,62,0,-1
9869,8558,736021,1,2,4,6,8,4,6,3,5,7,5,1,2,4,6,8,4,6,3,5,7,5,1,3,3,3,3,6,6,8,8,8,11,1,3,3,3,3,6,6,8,8,8,11,55,48,50,1,62,59,38,1,45,54,41,0,50,52,44,1,52,60,40,0,37,40,45,0,-1
8603,8370,736021,1,2,4,6,8,2,4,6,8,4,6,1,2,4,6,8,4,6,3,5,7,5,1,3,3,3,3,7,7,7,7,10,10,1,3,3,3,3,6,6,8,8,8,11,59,49,37,1,59,43,53,1,58,49,58,0,29,52,44,1,44,44,47,1,54,52,63,0,0
8370,8634,736026,1,2,4,6,8,4,6,3,5,7,5,1,4,6,8,2,3,5,7,3,5,7,1,3,3,3,3,6,6,8,8,8,11,1,3,3,3,3,7,7,7,10,10,10,29,52,44,1,44,44,47,1,54,52,63,0,36,35,51,0,36,49,56,0,61,65,65,0,-1
8302,8372,736025,1,2,4,6,8,4,6,3,5,7,5,1,2,4,6,8,2,4,6,8,4,6,1,3,3,3,3,6,6,8,8,8,11,1,3,3,3,3,7,7,7,7,10,10,53,53,53,1,53,52,60,1,42,48,59,0,62,51,52,1,59,55,52,1,37,56,49,0,1
8306,8305,736024,1,2,4,6,8,5,2,4,6,8,5,1,2,4,6,8,4,6,3,5,7,5,1,3,3,3,3,6,8,8,8,8,11,1,3,3,3,3,6,6,8,8,8,11,48,55,44,1,53,42,53,1,53,39,57,0,34,41,38,1,55,39,49,1,43,42,49,0,1
9910,10205,736025,1,2,4,6,8,4,6,3,5,7,5,1,2,4,6,8,2,4,6,8,4,6,1,3,3,3,3,6,6,8,8,8,11,1,3,3,3,3,7,7,7,7,10,10,55,59,38,1,41,48,50,0,55,55,59,0,48,42,36,0,36,52,55,0,47,48,44,0,0
8581,8633,736025,1,2,4,6,8,2,4,6,8,4,6,1,2,4,6,8,3,5,7,3,5,7,1,3,3,3,3,7,7,7,7,10,10,1,3,3,3,3,7,7,7,10,10,10,62,36,65,1,71,42,65,1,36,33,42,0,50,57,46,0,61,41,63,0,52,60,63,0,-1
9906,8560,736024,1,2,4,6,8,2,4,6,8,4,6,1,2,4,6,8,3,5,7,3,5,7,1,3,3,3,3,7,7,7,7,10,10,1,3,3,3,3,7,7,7,10,10,10,57,50,50,1,61,62,49,1,49,42,52,0,60,52,50,1,54,60,52,1,49,53,53,0,1
9864,10267,736025,1,2,4,6,8,2,4,6,8,4,6,1,2,4,6,8,5,2,4,6,8,5,1,3,3,3,3,7,7,7,7,10,10,1,3,3,3,3,6,8,8,8,8,11,42,51,36,1,41,40,50,1,47,37,52,1,35,46,35,1,37,51,58,1,49,45,53,0,-1
8315,9783,736025,1,2,4,6,8,4,6,3,5,7,5,1,2,4,6,8,2,4,6,8,4,6,1,3,3,3,3,6,6,8,8,8,11,1,3,3,3,3,7,7,7,7,10,10,46,46,39,1,50,60,36,0,49,57,50,0,53,55,47,1,38,52,55,1,45,50,59,1,1
7878,9869,736026,1,2,4,6,8,2,4,6,8,4,6,1,2,4,6,8,2,4,6,8,4,6,1,3,3,3,3,7,7,7,7,10,10,1,3,3,3,3,7,7,7,7,10,10,57,50,59,1,61,63,51,1,48,45,62,0,55,48,50,1,62,59,38,1,45,54,41,0,1
8558,8603,736026,1,2,4,6,8,2,4,6,8,4,6,1,2,4,6,8,4,6,5,7,3,5,1,3,3,3,3,7,7,7,7,10,10,1,3,3,3,3,6,6,8,8,8,11,50,52,44,1,52,60,40,0,37,40,45,0,59,49,37,1,59,43,53,1,58,49,58,0,-1
8372,8634,736029,1,4,6,8,2,2,4,6,8,4,6,1,2,4,6,8,3,5,7,3,5,7,1,3,3,3,3,7,7,7,7,10,10,1,3,3,3,3,7,7,7,10,10,10,62,51,52,1,59,55,52,1,37,56,49,0,36,35,51,0,36,49,56,0,61,65,65,0,-1
8305,8302,736028,1,2,4,6,8,4,6,5,7,3,5,1,2,4,6,8,4,6,3,5,7,5,1,3,3,3,3,6,6,8,8,8,11,1,3,3,3,3,6,6,8,8,8,11,34,41,38,1,55,39,49,1,43,42,49,0,53,53,53,1,53,52,60,1,42,48,59,0,0
10205,8306,736028,1,2,4,6,8,2,4,6,8,4,6,1,2,4,6,8,6,3,5,4,7,5,1,3,3,3,3,7,7,7,7,10,10,1,3,3,3,3,6,8,8,6,8,11,48,42,36,0,36,52,55,0,47,48,44,0,48,55,44,1,53,42,53,1,53,39,57,0,-1
8633,9910,736028,1,2,4,6,8,4,6,3,5,7,5,1,4,8,2,6,4,6,3,5,7,5,1,3,3,3,3,6,6,8,8,8,11,1,3,3,3,3,6,6,8,8,8,11,50,57,46,0,61,41,63,0,52,60,63,0,55,59,38,1,41,48,50,0,55,55,59,0,1
8560,8581,736029,1,2,4,6,8,3,5,7,3,5,7,1,2,4,6,8,2,4,6,8,4,6,1,3,3,3,3,7,7,7,10,10,10,1,3,3,3,3,7,7,7,7,10,10,60,52,50,1,54,60,52,1,49,53,53,0,62,36,65,1,71,42,65,1,36,33,42,0,0
10267,9906,736029,1,2,4,6,8,3,5,7,3,5,7,1,2,4,6,8,2,4,6,8,4,6,1,3,3,3,3,7,7,7,10,10,10,1,3,3,3,3,7,7,7,7,10,10,35,46,35,1,37,51,58,1,49,45,53,0,57,50,50,1,61,62,49,1,49,42,52,0,-1
9783,9864,736028,1,2,4,6,8,3,5,7,3,5,7,1,2,4,8,6,6,8,2,4,4,6,1,3,3,3,3,7,7,7,10,10,10,1,3,3,3,3,7,7,7,7,10,10,53,55,47,1,38,52,55,1,45,50,59,1,42,51,36,1,41,40,50,1,47,37,52,1,0
9869,8315,736029,1,2,4,6,8,4,6,3,5,7,5,1,2,4,6,8,4,6,3,5,7,5,1,3,3,3,3,6,6,8,8,8,11,1,3,3,3,3,6,6,8,8,8,11,55,48,50,1,62,59,38,1,45,54,41,0,46,46,39,1,50,60,36,0,49,57,50,0,-1
8603,7878,736029,1,4,6,8,2,4,6,3,5,7,5,1,2,4,6,8,2,4,6,8,4,6,1,3,3,3,3,6,6,8,8,8,11,1,3,3,3,3,7,7,7,7,10,10,59,49,37,1,59,43,53,1,58,49,58,0,57,50,59,1,61,63,51,1,48,45,62,0,1
8558,8370,736030,1,2,4,6,8,3,5,7,3,5,7,1,2,4,8,6,4,3,5,7,6,5,1,3,3,3,3,7,7,7,10,10,10,1,3,3,3,3,6,8,8,8,6,11,50,52,44,1,52,60,40,0,37,40,45,0,29,52,44,1,44,44,47,1,54,52,63,0,1
8370,8372,736035,1,2,4,6,8,4,6,3,5,7,5,1,2,4,6,8,4,6,3,5,7,5,1,3,3,3,3,6,6,8,8,8,11,1,3,3,3,3,6,6,8,8,8,11,29,52,44,1,44,44,47,1,54,52,63,0,62,51,52,1,59,55,52,1,37,56,49,0,0
8634,8305,736035,1,2,4,6,8,3,5,7,3,5,7,1,2,4,6,8,4,6,3,5,7,5,1,3,3,3,3,7,7,7,10,10,10,1,3,3,3,3,6,6,8,8,8,11,36,35,51,0,36,49,56,0,61,65,65,0,34,41,38,1,55,39,49,1,43,42,49,0,1
8302,10205,736036,1,2,4,6,8,4,6,3,5,7,5,1,2,4,6,8,2,4,6,8,4,6,1,3,3,3,3,6,6,8,8,8,11,1,3,3,3,3,7,7,7,7,10,10,53,53,53,1,53,52,60,1,42,48,59,0,48,42,36,0,36,52,55,0,47,48,44,0,1
8306,8633,736036,1,2,4,6,8,4,6,3,5,7,5,1,2,4,6,8,3,5,7,3,5,7,1,3,3,3,3,6,6,8,8,8,11,1,3,3,3,3,7,7,7,10,10,10,48,55,44,1,53,42,53,1,53,39,57,0,50,57,46,0,61,41,63,0,52,60,63,0,-1
9910,8560,736035,1,2,4,6,8,3,4,6,5,7,5,1,2,4,6,8,3,5,7,3,5,7,1,3,3,3,3,8,6,6,8,8,11,1,3,3,3,3,7,7,7,10,10,10,55,59,38,1,41,48,50,0,55,55,59,0,60,52,50,1,54,60,52,1,49,53,53,0,1
8581,10267,736036,1,2,4,6,8,2,4,6,8,4,6,1,2,4,6,8,3,5,7,3,5,7,1,3,3,3,3,7,7,7,7,10,10,1,3,3,3,3,7,7,7,10,10,10,62,36,65,1,71,42,65,1,36,33,42,0,35,46,35,1,37,51,58,1,49,45,53,0,1
9906,9783,736035,1,2,4,6,8,2,4,6,8,4,6,1,2,4,6,8,3,5,7,3,5,7,1,3,3,3,3,7,7,7,7,10,10,1,3,3,3,3,7,7,7,10,10,10,57,50,50,1,61,62,49,1,49,42,52,0,53,55,47,1,38,52,55,1,45,50,59,1,1
9864,9869,736034,1,2,4,6,8,2,4,6,8,4,6,1,2,4,6,8,4,6,3,5,7,5,1,3,3,3,3,7,7,7,7,10,10,1,3,3,3,3,6,6,8,8,8,11,42,51,36,1,41,40,50,1,47,37,52,1,55,48,50,1,62,59,38,1,45,54,41,0,1
8315,8603,736036,1,2,4,6,8,4,6,3,5,7,5,1,2,4,6,8,2,4,6,8,4,6,1,3,3,3,3,6,6,8,8,8,11,1,3,3,3,3,7,7,7,7,10,10,46,46,39,1,50,60,36,0,49,57,50,0,59,49,37,1,59,43,53,1,58,49,58,0,1
7878,8558,736037,1,2,4,6,8,2,4,6,8,4,6,1,2,4,6,8,3,5,7,4,6,5,1,3,3,3,3,7,7,7,7,10,10,1,3,3,3,3,8,8,8,6,6,11,57,50,59,1,61,63,51,1,48,45,62,0,50,52,44,1,52,60,40,0,37,40,45,0,0
9910,8306,735854,1,2,4,6,8,3,5,7,3,5,7,1,2,4,6,8,4,6,3,5,7,5,1,3,3,3,3,7,7,7,10,10,10,1,3,3,3,3,6,6,8,8,8,11,55,59,38,1,41,48,50,0,55,55,59,0,48,55,44,1,53,42,53,1,53,39,57,0,0
8581,8302,735852,1,1,3,5,7,9,3,5,7,4,6,1,2,4,6,8,2,4,6,8,4,6,1,3,3,3,3,3,7,7,7,10,10,1,3,3,3,3,7,7,7,7,10,10,62,36,65,1,71,42,65,1,36,33,42,0,53,53,53,1,53,52,60,1,42,48,59,0,0
9906,8634,735853,1,2,4,6,8,2,4,6,8,4,6,1,2,4,6,8,3,5,7,3,5,7,1,3,3,3,3,7,7,7,7,10,10,1,3,3,3,3,7,7,7,10,10,10,57,50,50,1,61,62,49,1,49,42,52,0,36,35,51,0,36,49,56,0,61,65,65,0,-1
9864,8372,735854,1,2,4,6,8,4,6,3,5,7,5,1,2,4,6,8,4,6,3,5,7,5,1,3,3,3,3,6,6,8,8,8,11,1,3,3,3,3,6,6,8,8,8,11,42,51,36,1,41,40,50,1,47,37,52,1,62,51,52,1,59,55,52,1,37,56,49,0,0
8315,8305,735854,1,2,4,6,8,4,6,3,5,7,5,1,2,4,6,8,4,6,3,5,7,5,1,3,3,3,3,6,6,8,8,8,11,1,3,3,3,3,6,6,8,8,8,11,46,46,39,1,50,60,36,0,49,57,50,0,34,41,38,1,55,39,49,1,43,42,49,0,1
7878,10205,735854,1,2,4,6,8,4,6,3,5,7,5,1,2,4,6,8,2,4,6,8,4,6,1,3,3,3,3,6,6,8,8,8,11,1,3,3,3,3,7,7,7,7,10,10,57,50,59,1,61,63,51,1,48,45,62,0,48,42,36,0,36,52,55,0,47,48,44,0,-1
8558,8633,735853,1,2,4,6,8,2,4,6,8,4,6,1,2,4,6,8,3,5,4,6,7,5,1,3,3,3,3,7,7,7,7,10,10,1,3,3,3,3,8,8,6,6,8,11,50,52,44,1,52,60,40,0,37,40,45,0,50,57,46,0,61,41,63,0,52,60,63,0,-1
8603,8560,735853,1,2,4,6,8,2,4,6,8,4,6,1,4,8,6,2,4,6,3,5,7,5,1,3,3,3,3,7,7,7,7,10,10,1,3,3,3,3,6,6,8,8,8,11,59,49,37,1,59,43,53,1,58,49,58,0,60,52,50,1,54,60,52,1,49,53,53,0,1
9869,10267,735853,1,2,4,6,8,4,6,3,5,7,5,1,2,4,6,8,3,5,7,3,5,7,1,3,3,3,3,6,6,8,8,8,11,1,3,3,3,3,7,7,7,10,10,10,55,48,50,1,62,59,38,1,45,54,41,0,35,46,35,1,37,51,58,1,49,45,53,0,-1
8370,9783,735855,1,2,4,6,8,4,6,3,5,7,5,1,2,4,6,8,4,6,5,7,3,5,1,3,3,3,3,6,6,8,8,8,11,1,3,3,3,3,6,6,8,8,8,11,29,52,44,1,44,44,47,1,54,52,63,0,53,55,47,1,38,52,55,1,45,50,59,1,-1
8305,8372,736041,1,2,4,6,8,2,4,6,8,4,6,1,2,4,6,8,4,6,3,5,7,5,1,3,3,3,3,7,7,7,7,10,10,1,3,3,3,3,6,6,8,8,8,11,34,41,38,1,55,39,49,1,43,42,49,0,62,51,52,1,59,55,52,1,37,56,49,0,0
10205,8634,736043,1,6,8,2,4,2,4,6,8,4,6,1,2,4,6,8,3,5,7,3,5,7,1,3,3,3,3,7,7,7,7,10,10,1,3,3,3,3,7,7,7,10,10,10,48,42,36,0,36,52,55,0,47,48,44,0,36,35,51,0,36,49,56,0,61,65,65,0,0
8633,8302,736043,1,2,4,6,8,3,5,7,3,5,7,1,2,4,6,8,4,6,8,5,2,5,1,3,3,3,3,7,7,7,10,10,10,1,3,3,3,3,7,7,7,9,7,11,50,57,46,0,61,41,63,0,52,60,63,0,53,53,53,1,53,52,60,1,42,48,59,0,1
8560,8306,736042,1,2,4,6,8,5,2,4,6,8,5,1,2,4,6,8,5,2,4,6,8,5,1,3,3,3,3,6,8,8,8,8,11,1,3,3,3,3,6,8,8,8,8,11,60,52,50,1,54,60,52,1,49,53,53,0,48,55,44,1,53,42,53,1,53,39,57,0,-1
10267,9910,736043,1,2,4,6,8,4,6,3,5,7,5,1,2,4,6,8,4,6,3,5,7,5,1,3,3,3,3,6,6,8,8,8,11,1,3,3,3,3,6,6,8,8,8,11,35,46,35,1,37,51,58,1,49,45,53,0,55,59,38,1,41,48,50,0,55,55,59,0,-1
9783,8581,736042,1,2,4,6,8,4,6,3,5,7,5,1,2,4,6,8,2,4,6,8,4,6,1,3,3,3,3,6,6,8,8,8,11,1,3,3,3,3,7,7,7,7,10,10,53,55,47,1,38,52,55,1,45,50,59,1,62,36,65,1,71,42,65,1,36,33,42,0,1
9869,9906,736042,1,2,4,6,8,4,6,3,5,7,5,1,2,4,6,8,2,4,6,8,4,6,1,3,3,3,3,6,6,8,8,8,11,1,3,3,3,3,7,7,7,7,10,10,55,48,50,1,62,59,38,1,45,54,41,0,57,50,50,1,61,62,49,1,49,42,52,0,1
8603,9864,736042,1,2,4,6,8,2,4,6,8,4,6,1,2,4,6,8,2,4,6,8,4,6,1,3,3,3,3,7,7,7,7,10,10,1,3,3,3,3,7,7,7,7,10,10,59,49,37,1,59,43,53,1,58,49,58,0,42,51,36,1,41,40,50,1,47,37,52,1,-1
8558,8315,736043,1,2,4,6,8,4,6,3,5,7,5,1,2,4,6,8,4,6,3,5,7,5,1,3,3,3,3,6,6,8,8,8,11,1,3,3,3,3,6,6,8,8,8,11,50,52,44,1,52,60,40,0,37,40,45,0,46,46,39,1,50,60,36,0,49,57,50,0,1
7878,8370,736042,1,2,4,6,8,4,6,3,5,7,5,1,2,4,6,8,4,6,3,5,7,5,1,3,3,3,3,6,6,8,8,8,11,1,3,3,3,3,6,6,8,8,8,11,57,50,59,1,61,63,51,1,48,45,62,0,29,52,44,1,44,44,47,1,54,52,63,0,0
8370,8305,736055,1,2,4,6,8,4,6,3,5,7,5,1,2,4,6,8,5,2,4,6,8,5,1,3,3,3,3,6,6,8,8,8,11,1,3,3,3,3,6,8,8,8,8,11,29,52,44,1,44,44,47,1,54,52,63,0,34,41,38,1,55,39,49,1,43,42,49,0,1
8372,10205,736057,1,2,4,6,8,4,6,3,5,7,5,1,2,4,6,8,2,4,6,8,4,6,1,3,3,3,3,6,6,8,8,8,11,1,3,3,3,3,7,7,7,7,10,10,62,51,52,1,59,55,52,1,37,56,49,0,48,42,36,0,36,52,55,0,47,48,44,0,-1
8634,8633,736056,1,2,4,6,8,3,5,7,3,5,7,1,2,4,6,8,3,5,7,3,5,7,1,3,3,3,3,7,7,7,10,10,10,1,3,3,3,3,7,7,7,10,10,10,36,35,51,0,36,49,56,0,61,65,65,0,50,57,46,0,61,41,63,0,52,60,63,0,-1
8302,8560,736057,1,2,4,6,8,4,6,3,5,7,5,1,2,4,6,8,3,5,7,3,5,7,1,3,3,3,3,6,6,8,8,8,11,1,3,3,3,3,7,7,7,10,10,10,53,53,53,1,53,52,60,1,42,48,59,0,60,52,50,1,54,60,52,1,49,53,53,0,-1
8306,10267,736056,1,2,4,6,8,5,2,4,6,8,5,1,2,4,6,8,5,2,4,6,8,5,1,3,3,3,3,6,8,8,8,8,11,1,3,3,3,3,6,8,8,8,8,11,48,55,44,1,53,42,53,1,53,39,57,0,35,46,35,1,37,51,58,1,49,45,53,0,1
9910,9783,736056,1,2,4,6,8,4,6,3,5,7,5,1,2,4,6,8,4,6,3,5,7,5,1,3,3,3,3,6,6,8,8,8,11,1,3,3,3,3,6,6,8,8,8,11,55,59,38,1,41,48,50,0,55,55,59,0,53,55,47,1,38,52,55,1,45,50,59,1,0
8581,9869,736058,1,2,4,6,8,2,4,8,6,4,6,1,2,4,6,8,4,6,3,5,7,5,1,3,3,3,3,7,7,7,7,10,10,1,3,3,3,3,6,6,8,8,8,11,62,36,65,1,71,42,65,1,36,33,42,0,55,48,50,1,62,59,38,1,45,54,41,0,0
9906,8603,736056,1,2,4,6,8,2,4,6,8,4,6,1,2,4,6,8,5,2,4,6,8,5,1,3,3,3,3,7,7,7,7,10,10,1,3,3,3,3,6,8,8,8,8,11,57,50,50,1,61,62,49,1,49,42,52,0,59,49,37,1,59,43,53,1,58,49,58,0,1
9864,8558,736057,1,2,4,6,8,2,4,6,8,4,6,1,1,3,5,7,9,3,5,7,4,6,1,3,3,3,3,7,7,7,7,10,10,1,3,3,3,3,3,7,7,7,10,10,42,51,36,1,41,40,50,1,47,37,52,1,50,52,44,1,52,60,40,0,37,40,45,0,0
8315,7878,736057,1,2,4,6,8,4,6,3,5,7,5,1,2,4,6,8,3,5,7,4,6,5,1,3,3,3,3,6,6,8,8,8,11,1,3,3,3,3,6,6,6,8,8,11,46,46,39,1,50,60,36,0,49,57,50,0,57,50,59,1,61,63,51,1,48,45,62,0,0
10205,8305,736064,1,2,4,6,8,2,4,6,8,4,6,1,2,4,6,8,4,6,3,5,7,5,1,3,3,3,3,7,7,7,7,10,10,1,3,3,3,3,6,6,8,8,8,11,48,42,36,0,36,52,55,0,47,48,44,0,34,41,38,1,55,39,49,1,43,42,49,0,1
8633,8372,736063,1,2,4,6,8,3,5,7,3,5,7,1,2,4,6,8,4,6,3,5,7,5,1,3,3,3,3,7,7,7,10,10,10,1,3,3,3,3,6,6,8,8,8,11,50,57,46,0,61,41,63,0,52,60,63,0,62,51,52,1,59,55,52,1,37,56,49,0,1
8560,8634,736063,1,2,4,6,8,3,5,7,3,5,7,1,2,4,6,8,3,5,7,3,5,7,1,3,3,3,3,7,7,7,10,10,10,1,3,3,3,3,7,7,7,10,10,10,60,52,50,1,54,60,52,1,49,53,53,0,36,35,51,0,36,49,56,0,61,65,65,0,1
10267,8302,736064,1,2,4,6,8,5,4,6,3,5,7,1,2,4,6,8,2,4,6,8,4,6,1,3,3,3,3,6,8,8,10,10,10,1,3,3,3,3,7,7,7,7,10,10,35,46,35,1,37,51,58,1,49,45,53,0,53,53,53,1,53,52,60,1,42,48,59,0,1
9783,8306,736065,1,2,4,6,8,2,4,6,8,4,6,1,2,4,6,8,5,2,4,6,8,5,1,3,3,3,3,7,7,7,7,10,10,1,3,3,3,3,6,8,8,8,8,11,53,55,47,1,38,52,55,1,45,50,59,1,48,55,44,1,53,42,53,1,53,39,57,0,-1
9869,9910,736064,1,2,4,6,8,4,6,3,5,7,5,1,2,4,6,8,4,6,3,5,7,5,1,3,3,3,3,6,6,8,8,8,11,1,3,3,3,3,6,6,8,8,8,11,55,48,50,1,62,59,38,1,45,54,41,0,55,59,38,1,41,48,50,0,55,55,59,0,-1
8603,8581,736063,1,2,4,6,8,2,4,6,8,4,6,1,2,4,6,8,2,4,6,8,4,6,1,3,3,3,3,7,7,7,7,10,10,1,3,3,3,3,7,7,7,7,10,10,59,49,37,1,59,43,53,1,58,49,58,0,62,36,65,1,71,42,65,1,36,33,42,0,1
8558,9906,736063,1,2,4,6,8,4,6,3,5,7,5,1,2,4,6,8,2,4,6,8,4,6,1,3,3,3,3,6,6,8,8,8,11,1,3,3,3,3,7,7,7,7,10,10,50,52,44,1,52,60,40,0,37,40,45,0,57,50,50,1,61,62,49,1,49,42,52,0,-1
7878,9864,736062,1,2,4,6,8,4,6,3,5,7,5,1,2,4,6,8,2,4,6,8,4,6,1,3,3,3,3,6,6,8,8,8,11,1,3,3,3,3,7,7,7,7,10,10,57,50,59,1,61,63,51,1,48,45,62,0,42,51,36,1,41,40,50,1,47,37,52,1,0
8315,8370,736064,1,2,4,6,8,4,6,3,5,7,5,1,2,4,6,8,2,4,6,8,4,6,1,3,3,3,3,6,6,8,8,8,11,1,3,3,3,3,7,7,7,7,10,10,46,46,39,1,50,60,36,0,49,57,50,0,29,52,44,1,44,44,47,1,54,52,63,0,1
8370,10205,736071,1,2,4,6,8,2,4,6,8,4,6,1,2,4,6,8,2,4,6,8,4,6,1,3,3,3,3,7,7,7,7,10,10,1,3,3,3,3,7,7,7,7,10,10,29,52,44,1,44,44,47,1,54,52,63,0,48,42,36,0,36,52,55,0,47,48,44,0,1
8305,8633,736070,1,2,4,6,8,2,4,6,8,4,6,1,2,4,6,8,3,5,7,3,5,7,1,3,3,3,3,7,7,7,7,10,10,1,3,3,3,3,7,7,7,10,10,10,34,41,38,1,55,39,49,1,43,42,49,0,50,57,46,0,61,41,63,0,52,60,63,0,-1
8372,8560,736070,1,2,4,6,8,2,4,6,8,4,6,1,2,4,6,8,4,6,3,5,7,5,1,3,3,3,3,7,7,7,7,10,10,1,3,3,3,3,6,6,8,8,8,11,62,51,52,1,59,55,52,1,37,56,49,0,60,52,50,1,54,60,52,1,49,53,53,0,1
8634,10267,736071,1,2,4,6,8,3,5,7,3,5,7,1,2,4,6,8,3,5,7,4,6,5,1,3,3,3,3,7,7,7,10,10,10,1,3,3,3,3,6,6,6,8,8,11,36,35,51,0,36,49,56,0,61,65,65,0,35,46,35,1,37,51,58,1,49,45,53,0,-1
8302,9783,736071,1,2,4,6,8,4,6,3,5,7,5,1,2,4,6,8,2,4,6,8,5,5,1,3,3,3,3,6,6,8,8,8,11,1,3,3,3,3,7,7,7,7,9,11,53,53,53,1,53,52,60,1,42,48,59,0,53,55,47,1,38,52,55,1,45,50,59,1,0
8306,9869,736070,1,2,4,6,8,4,6,3,5,7,5,1,2,4,6,8,2,4,6,8,4,6,1,3,3,3,3,6,6,8,8,8,11,1,3,3,3,3,7,7,7,7,10,10,48,55,44,1,53,42,53,1,53,39,57,0,55,48,50,1,62,59,38,1,45,54,41,0,0
9910,8603,736070,1,2,4,6,8,4,6,5,3,5,7,1,2,4,6,8,4,6,3,5,7,5,1,3,3,3,3,6,6,8,10,10,10,1,3,3,3,3,6,6,8,8,8,11,55,59,38,1,41,48,50,0,55,55,59,0,59,49,37,1,59,43,53,1,58,49,58,0,0
8581,8558,736069,1,2,4,6,8,2,4,6,8,4,6,1,2,4,6,8,3,5,7,3,5,7,1,3,3,3,3,7,7,7,7,10,10,1,3,3,3,3,7,7,7,10,10,10,62,36,65,1,71,42,65,1,36,33,42,0,50,52,44,1,52,60,40,0,37,40,45,0,1
9906,7878,736071,1,2,4,6,8,2,4,6,8,4,6,1,2,4,6,8,3,5,7,3,5,7,1,3,3,3,3,7,7,7,7,10,10,1,3,3,3,3,7,7,7,10,10,10,57,50,50,1,61,62,49,1,49,42,52,0,57,50,59,1,61,63,51,1,48,45,62,0,1
9864,8315,736071,1,2,4,6,8,2,4,6,8,4,6,1,2,4,6,8,4,6,3,5,7,5,1,3,3,3,3,7,7,7,7,10,10,1,3,3,3,3,6,6,8,8,8,11,42,51,36,1,41,40,50,1,47,37,52,1,46,46,39,1,50,60,36,0,49,57,50,0,-1
8633,10205,736074,1,2,4,6,8,3,5,7,3,5,7,1,2,4,6,8,2,4,6,8,4,6,1,3,3,3,3,7,7,7,10,10,10,1,3,3,3,3,7,7,7,7,10,10,50,57,46,0,61,41,63,0,52,60,63,0,48,42,36,0,36,52,55,0,47,48,44,0,1
8560,8305,736075,1,2,4,6,8,4,6,3,5,7,5,1,6,8,2,4,6,3,5,7,4,5,1,3,3,3,3,6,6,8,8,8,11,1,3,3,3,3,6,8,8,8,6,11,60,52,50,1,54,60,52,1,49,53,53,0,34,41,38,1,55,39,49,1,43,42,49,0,-1
10267,8372,736074,1,2,4,6,8,3,5,7,3,5,7,1,2,4,6,8,4,6,3,5,7,5,1,3,3,3,3,7,7,7,10,10,10,1,3,3,3,3,6,6,8,8,8,11,35,46,35,1,37,51,58,1,49,45,53,0,62,51,52,1,59,55,52,1,37,56,49,0,1
9783,8634,736074,1,2,4,6,8,3,5,7,5,4,6,1,2,4,6,8,3,5,7,3,5,7,1,3,3,3,3,6,6,6,8,10,10,1,3,3,3,3,7,7,7,10,10,10,53,55,47,1,38,52,55,1,45,50,59,1,36,35,51,0,36,49,56,0,61,65,65,0,-1
9869,8302,736074,1,2,4,6,8,2,4,6,8,4,6,1,2,4,6,8,2,4,6,8,5,5,1,3,3,3,3,7,7,7,7,10,10,1,3,3,3,3,7,7,7,7,9,11,55,48,50,1,62,59,38,1,45,54,41,0,53,53,53,1,53,52,60,1,42,48,59,0,1
8603,8306,736073,1,2,4,6,8,4,6,3,5,7,5,1,2,4,6,8,4,6,3,5,7,5,1,3,3,3,3,6,6,8,8,8,11,1,3,3,3,3,6,6,8,8,8,11,59,49,37,1,59,43,53,1,58,49,58,0,48,55,44,1,53,42,53,1,53,39,57,0,1
8558,9910,736073,1,2,4,6,8,3,5,7,3,5,7,1,2,4,6,8,4,6,3,5,7,5,1,3,3,3,3,7,7,7,10,10,10,1,3,3,3,3,6,6,8,8,8,11,50,52,44,1,52,60,40,0,37,40,45,0,55,59,38,1,41,48,50,0,55,55,59,0,0
7878,8581,736075,1,2,4,6,8,4,6,3,5,7,5,1,2,8,4,6,3,5,7,3,5,7,1,3,3,3,3,6,6,8,8,8,11,1,3,3,3,3,7,7,7,10,10,10,57,50,59,1,61,63,51,1,48,45,62,0,62,36,65,1,71,42,65,1,36,33,42,0,1
8315,9906,736074,1,2,4,6,8,4,6,3,5,7,5,1,2,4,6,8,2,4,6,8,4,6,1,3,3,3,3,6,6,8,8,8,11,1,3,3,3,3,7,7,7,7,10,10,46,46,39,1,50,60,36,0,49,57,50,0,57,50,50,1,61,62,49,1,49,42,52,0,-1
9864,8370,736074,1,2,4,6,8,2,4,6,8,4,6,1,2,4,6,8,2,4,6,8,4,6,1,3,3,3,3,7,7,7,7,10,10,1,3,3,3,3,7,7,7,7,10,10,42,51,36,1,41,40,50,1,47,37,52,1,29,52,44,1,44,44,47,1,54,52,63,0,0
8370,8633,736077,1,2,4,6,8,4,6,3,5,7,5,1,2,4,6,8,3,5,7,3,5,7,1,3,3,3,3,6,6,8,8,8,11,1,3,3,3,3,7,7,7,10,10,10,29,52,44,1,44,44,47,1,54,52,63,0,50,57,46,0,61,41,63,0,52,60,63,0,-1
10205,8560,736078,1,2,4,6,8,2,4,6,8,4,6,1,2,4,6,8,3,5,7,3,5,7,1,3,3,3,3,7,7,7,7,10,10,1,3,3,3,3,7,7,7,10,10,10,48,42,36,0,36,52,55,0,47,48,44,0,60,52,50,1,54,60,52,1,49,53,53,0,0
8305,10267,736078,1,2,4,6,8,6,4,5,7,3,5,1,2,4,6,8,3,5,7,3,5,7,1,3,3,3,3,6,6,8,8,8,11,1,3,3,3,3,7,7,7,10,10,10,34,41,38,1,55,39,49,1,43,42,49,0,35,46,35,1,37,51,58,1,49,45,53,0,0
8372,9783,736077,1,2,4,6,8,4,6,3,5,7,5,1,2,4,6,8,2,4,6,8,4,6,1,3,3,3,3,6,6,8,8,8,11,1,3,3,3,3,7,7,7,7,10,10,62,51,52,1,59,55,52,1,37,56,49,0,53,55,47,1,38,52,55,1,45,50,59,1,0
8634,9869,736077,1,2,4,6,8,3,5,7,3,5,7,1,2,4,6,8,4,6,3,5,7,5,1,3,3,3,3,7,7,7,10,10,10,1,3,3,3,3,6,6,8,8,8,11,36,35,51,0,36,49,56,0,61,65,65,0,55,48,50,1,62,59,38,1,45,54,41,0,1
8302,8603,736078,1,2,4,6,8,4,6,3,5,7,5,1,2,4,6,8,4,6,3,5,7,5,1,3,3,3,3,6,6,8,8,8,11,1,3,3,3,3,6,6,8,8,8,11,53,53,53,1,53,52,60,1,42,48,59,0,59,49,37,1,59,43,53,1,58,49,58,0,1
8306,8558,736076,1,2,4,6,8,4,6,3,5,7,5,1,2,4,6,8,4,6,3,5,7,5,1,3,3,3,3,6,6,8,8,8,11,1,3,3,3,3,6,6,8,8,8,11,48,55,44,1,53,42,53,1,53,39,57,0,50,52,44,1,52,60,40,0,37,40,45,0,1
9910,7878,736079,1,2,4,6,8,4,6,3,5,7,5,1,2,4,8,6,4,6,8,2,4,6,1,3,3,3,3,6,6,8,8,8,11,1,3,3,3,3,7,7,7,7,10,10,55,59,38,1,41,48,50,0,55,55,59,0,57,50,59,1,61,63,51,1,48,45,62,0,1
8581,8315,736078,1,2,4,6,8,2,4,6,8,4,6,1,2,4,6,8,4,6,3,5,7,5,1,3,3,3,3,7,7,7,7,10,10,1,3,3,3,3,6,6,8,8,8,11,62,36,65,1,71,42,65,1,36,33,42,0,46,46,39,1,50,60,36,0,49,57,50,0,0
9906,9864,736077,1,2,4,6,8,2,4,6,8,4,6,1,2,4,6,8,2,4,6,8,4,6,1,3,3,3,3,7,7,7,7,10,10,1,3,3,3,3,7,7,7,7,10,10,57,50,50,1,61,62,49,1,49,42,52,0,42,51,36,1,41,40,50,1,47,37,52,1,1
8560,8633,736084,1,2,4,6,8,4,6,3,5,7,5,1,2,4,6,8,3,5,7,5,3,7,1,3,3,3,3,6,6,8,8,8,11,1,3,3,3,3,7,7,7,10,10,10,60,52,50,1,54,60,52,1,49,53,53,0,50,57,46,0,61,41,63,0,52,60,63,0,-1
10267,10205,736085,1,2,4,6,8,3,5,7,3,5,7,1,2,4,6,8,2,4,6,8,4,6,1,3,3,3,3,7,7,7,10,10,10,1,3,3,3,3,7,7,7,7,10,10,35,46,35,1,37,51,58,1,49,45,53,0,48,42,36,0,36,52,55,0,47,48,44,0,-1
9783,8305,736085,1,2,4,6,8,2,4,6,8,4,6,1,2,4,6,8,4,6,3,5,7,5,1,3,3,3,3,7,7,7,7,10,10,1,3,3,3,3,6,6,8,8,8,11,53,55,47,1,38,52,55,1,45,50,59,1,34,41,38,1,55,39,49,1,43,42,49,0,-1
9869,8372,736083,1,2,4,6,8,4,6,3,5,7,5,1,2,4,6,8,4,6,3,5,7,5,1,3,3,3,3,6,6,8,8,8,11,1,3,3,3,3,6,6,8,8,8,11,55,48,50,1,62,59,38,1,45,54,41,0,62,51,52,1,59,55,52,1,37,56,49,0,1
8603,8634,736084,1,2,4,6,8,4,6,3,5,7,5,1,2,4,6,8,3,5,7,3,5,7,1,3,3,3,3,6,6,8,8,8,11,1,3,3,3,3,7,7,7,10,10,10,59,49,37,1,59,43,53,1,58,49,58,0,36,35,51,0,36,49,56,0,61,65,65,0,-1
8558,8302,736085,1,2,4,6,8,3,5,7,3,5,7,1,2,4,6,8,4,6,3,5,7,5,1,3,3,3,3,7,7,7,10,10,10,1,3,3,3,3,6,6,8,8,8,11,50,52,44,1,52,60,40,0,37,40,45,0,53,53,53,1,53,52,60,1,42,48,59,0,1
7878,8306,736084,1,2,4,6,8,4,6,3,5,7,5,1,2,4,6,8,5,2,4,6,8,5,1,3,3,3,3,6,6,8,8,8,11,1,3,3,3,3,6,8,8,8,8,11,57,50,59,1,61,63,51,1,48,45,62,0,48,55,44,1,53,42,53,1,53,39,57,0,1
8315,9910,736085,1,2,4,6,8,4,6,3,5,7,5,1,2,4,6,8,4,6,3,5,7,5,1,3,3,3,3,6,6,8,8,8,11,1,3,3,3,3,6,6,8,8,8,11,46,46,39,1,50,60,36,0,49,57,50,0,55,59,38,1,41,48,50,0,55,55,59,0,1
9864,8581,736086,1,2,4,6,8,2,4,6,8,4,6,1,2,4,6,8,2,4,6,8,4,6,1,3,3,3,3,7,7,7,7,10,10,1,3,3,3,3,7,7,7,7,10,10,42,51,36,1,41,40,50,1,47,37,52,1,62,36,65,1,71,42,65,1,36,33,42,0,1
9906,8370,736084,1,2,4,6,8,2,4,6,8,4,6,1,2,4,6,8,4,6,3,5,7,5,1,3,3,3,3,7,7,7,7,10,10,1,3,3,3,3,6,6,8,8,8,11,57,50,50,1,61,62,49,1,49,42,52,0,29,52,44,1,44,44,47,1,54,52,63,0,1
8560,8370,736092,1,4,6,8,2,4,3,5,7,6,5,1,2,4,6,8,4,6,3,5,7,5,1,3,3,3,3,6,8,8,8,6,11,1,3,3,3,3,6,6,8,8,8,11,60,52,50,1,54,60,52,1,49,53,53,0,29,52,44,1,44,44,47,1,54,52,63,0,1
8633,10267,736092,1,2,4,6,8,3,5,7,3,5,7,1,2,4,6,8,5,2,4,6,8,5,1,3,3,3,3,7,7,7,10,10,10,1,3,3,3,3,6,8,8,8,8,11,50,57,46,0,61,41,63,0,52,60,63,0,35,46,35,1,37,51,58,1,49,45,53,0,1
10205,9783,736092,1,2,4,6,8,2,4,6,8,4,6,1,2,4,6,8,2,4,6,8,4,6,1,3,3,3,3,7,7,7,7,10,10,1,3,3,3,3,7,7,7,7,10,10,48,42,36,0,36,52,55,0,47,48,44,0,53,55,47,1,38,52,55,1,45,50,59,1,-1
8305,9869,736092,1,2,4,6,8,4,6,3,5,7,5,1,2,4,6,8,4,6,3,5,7,5,1,3,3,3,3,6,6,8,8,8,11,1,3,3,3,3,6,6,8,8,8,11,34,41,38,1,55,39,49,1,43,42,49,0,55,48,50,1,62,59,38,1,45,54,41,0,0
8372,8603,736092,1,2,4,6,8,4,6,3,5,7,5,1,2,4,6,8,4,6,3,5,7,5,1,3,3,3,3,6,6,8,8,8,11,1,3,3,3,3,6,6,8,8,8,11,62,51,52,1,59,55,52,1,37,56,49,0,59,49,37,1,59,43,53,1,58,49,58,0,0
8634,8558,736092,1,2,4,6,8,3,5,7,3,5,7,1,2,4,6,8,5,2,4,6,8,5,1,3,3,3,3,7,7,7,10,10,10,1,3,3,3,3,6,8,8,8,8,11,36,35,51,0,36,49,56,0,61,65,65,0,50,52,44,1,52,60,40,0,37,40,45,0,1
8302,7878,736092,1,2,4,6,8,4,6,3,5,7,5,1,2,4,6,8,4,6,3,5,7,5,1,3,3,3,3,6,6,8,8,8,11,1,3,3,3,3,6,6,8,8,8,11,53,53,53,1,53,52,60,1,42,48,59,0,57,50,59,1,61,63,51,1,48,45,62,0,-1
8306,8315,736092,1,2,4,6,8,5,2,4,6,8,5,1,2,4,6,8,4,6,3,5,7,5,1,3,3,3,3,6,8,8,8,8,11,1,3,3,3,3,6,6,8,8,8,11,48,55,44,1,53,42,53,1,53,39,57,0,46,46,39,1,50,60,36,0,49,57,50,0,0
9910,9864,736092,1,2,4,6,8,4,6,3,5,7,5,1,2,4,6,8,2,4,6,8,4,6,1,3,3,3,3,6,6,8,8,8,11,1,3,3,3,3,7,7,7,7,10,10,55,59,38,1,41,48,50,0,55,55,59,0,42,51,36,1,41,40,50,1,47,37,52,1,1
8581,9906,736092,1,2,4,6,8,4,6,5,7,3,5,1,2,4,6,8,2,4,6,8,4,6,1,3,3,3,3,6,6,8,8,8,11,1,3,3,3,3,7,7,7,7,10,10,62,36,65,1,71,42,65,1,36,33,42,0,57,50,50,1,61,62,49,1,49,42,52,0,1
10267,8560,736097,1,2,4,6,8,4,6,3,5,7,5,1,2,4,6,8,4,6,3,5,7,5,1,3,3,3,3,6,6,8,8,8,11,1,3,3,3,3,6,6,8,8,8,11,35,46,35,1,37,51,58,1,49,45,53,0,60,52,50,1,54,60,52,1,49,53,53,0,-1
9783,8633,736098,1,2,4,6,8,2,4,6,8,4,6,1,2,4,6,8,3,5,7,3,5,7,1,3,3,3,3,7,7,7,7,10,10,1,3,3,3,3,7,7,7,10,10,10,53,55,47,1,38,52,55,1,45,50,59,1,50,57,46,0,61,41,63,0,52,60,63,0,-1
9869,10205,736099,1,2,4,6,8,2,4,6,8,4,6,1,2,4,6,8,2,4,6,8,4,6,1,3,3,3,3,7,7,7,7,10,10,1,3,3,3,3,7,7,7,7,10,10,55,48,50,1,62,59,38,1,45,54,41,0,48,42,36,0,36,52,55,0,47,48,44,0,1
8603,8305,736099,1,4,6,8,2,2,4,6,8,4,6,1,4,6,2,8,4,6,3,5,7,5,1,3,3,3,3,7,7,7,7,10,10,1,3,3,3,3,6,6,8,8,8,11,59,49,37,1,59,43,53,1,58,49,58,0,34,41,38,1,55,39,49,1,43,42,49,0,1
8558,8372,736099,1,2,4,6,8,5,2,4,6,8,5,1,2,4,6,8,2,4,6,8,4,6,1,3,3,3,3,6,8,8,8,8,11,1,3,3,3,3,7,7,7,7,10,10,50,52,44,1,52,60,40,0,37,40,45,0,62,51,52,1,59,55,52,1,37,56,49,0,1
7878,8634,736098,1,2,4,6,8,4,6,3,5,7,5,1,2,4,6,8,3,5,7,3,5,7,1,3,3,3,3,6,6,8,8,8,11,1,3,3,3,3,7,7,7,10,10,10,57,50,59,1,61,63,51,1,48,45,62,0,36,35,51,0,36,49,56,0,61,65,65,0,-1
8315,8302,736098,1,2,4,6,8,4,6,3,5,7,5,1,2,4,6,8,4,6,3,5,7,5,1,3,3,3,3,6,6,8,8,8,11,1,3,3,3,3,6,6,8,8,8,11,46,46,39,1,50,60,36,0,49,57,50,0,53,53,53,1,53,52,60,1,42,48,59,0,1
9864,8306,736099,1,2,4,6,8,2,4,6,8,4,6,1,2,4,6,8,5,2,4,6,8,5,1,3,3,3,3,7,7,7,7,10,10,1,3,3,3,3,6,8,8,8,8,11,42,51,36,1,41,40,50,1,47,37,52,1,48,55,44,1,53,42,53,1,53,39,57,0,1
9906,9910,736098,1,2,4,6,8,2,4,6,8,4,6,1,2,4,6,8,4,6,3,5,7,5,1,3,3,3,3,7,7,7,7,10,10,1,3,3,3,3,6,6,8,8,8,11,57,50,50,1,61,62,49,1,49,42,52,0,55,59,38,1,41,48,50,0,55,55,59,0,1
8370,8581,736099,1,2,4,6,8,4,6,3,5,7,5,1,2,4,6,8,4,6,3,5,7,5,1,3,3,3,3,6,6,8,8,8,11,1,3,3,3,3,6,6,8,8,8,11,29,52,44,1,44,44,47,1,54,52,63,0,62,36,65,1,71,42,65,1,36,33,42,0,1
8306,8370,735861,1,1,3,5,7,9,3,5,7,4,6,1,2,4,6,8,4,6,3,5,7,5,1,3,3,3,3,3,7,7,7,10,10,1,3,3,3,3,6,6,8,8,8,11,48,55,44,1,53,42,53,1,53,39,57,0,29,52,44,1,44,44,47,1,54,52,63,0,-1
8302,9910,735861,1,2,4,6,8,4,6,3,5,7,5,1,2,4,6,8,4,6,3,5,7,5,1,3,3,3,3,6,6,8,8,8,11,1,3,3,3,3,6,6,8,8,8,11,53,53,53,1,53,52,60,1,42,48,59,0,55,59,38,1,41,48,50,0,55,55,59,0,-1
8634,8581,735861,1,2,4,6,8,3,5,7,3,5,7,1,1,3,5,7,9,3,5,7,4,6,1,3,3,3,3,7,7,7,10,10,10,1,3,3,3,3,3,7,7,7,10,10,36,35,51,0,36,49,56,0,61,65,65,0,62,36,65,1,71,42,65,1,36,33,42,0,1
8372,9906,735860,1,2,4,6,8,4,6,3,5,7,5,1,2,4,6,8,3,5,7,3,5,7,1,3,3,3,3,6,6,8,8,8,11,1,3,3,3,3,7,7,7,10,10,10,62,51,52,1,59,55,52,1,37,56,49,0,57,50,50,1,61,62,49,1,49,42,52,0,-1
8305,9864,735859,1,2,4,6,8,4,6,3,5,7,5,1,2,4,6,8,4,6,3,5,7,5,1,3,3,3,3,6,6,8,8,8,11,1,3,3,3,3,6,6,8,8,8,11,34,41,38,1,55,39,49,1,43,42,49,0,42,51,36,1,41,40,50,1,47,37,52,1,1
10205,8315,735861,1,2,4,6,8,2,4,6,8,4,6,1,2,4,6,8,4,6,3,5,7,5,1,3,3,3,3,7,7,7,7,10,10,1,3,3,3,3,6,6,8,8,8,11,48,42,36,0,36,52,55,0,47,48,44,0,46,46,39,1,50,60,36,0,49,57,50,0,1
8633,7878,735860,1,2,4,6,8,3,5,7,3,5,7,1,2,4,6,8,4,6,3,5,7,5,1,3,3,3,3,7,7,7,10,10,10,1,3,3,3,3,6,6,8,8,8,11,50,57,46,0,61,41,63,0,52,60,63,0,57,50,59,1,61,63,51,1,48,45,62,0,1
8560,8558,735860,1,2,4,6,8,4,6,3,5,7,5,1,2,4,6,8,4,6,3,7,5,5,1,3,3,3,3,6,6,8,8,8,11,1,3,3,3,3,6,6,8,8,8,11,60,52,50,1,54,60,52,1,49,53,53,0,50,52,44,1,52,60,40,0,37,40,45,0,-1
10267,8603,735860,1,2,4,6,8,3,5,7,3,5,7,1,2,4,6,8,2,4,6,8,4,6,1,3,3,3,3,7,7,7,10,10,10,1,3,3,3,3,7,7,7,7,10,10,35,46,35,1,37,51,58,1,49,45,53,0,59,49,37,1,59,43,53,1,58,49,58,0,0
9783,9869,735861,1,2,4,6,8,3,5,7,3,5,7,1,2,4,6,8,2,4,6,8,4,6,1,3,3,3,3,7,7,7,10,10,10,1,3,3,3,3,7,7,7,7,10,10,53,55,47,1,38,52,55,1,45,50,59,1,55,48,50,1,62,59,38,1,45,54,41,0,-1
8306,8302,735864,1,1,3,5,7,9,3,5,7,4,6,1,2,4,6,8,2,4,6,8,4,6,1,3,3,3,3,3,7,7,7,10,10,1,3,3,3,3,7,7,7,7,10,10,48,55,44,1,53,42,53,1,53,39,57,0,53,53,53,1,53,52,60,1,42,48,59,0,1
9910,8634,735864,1,2,4,6,8,3,5,7,3,5,7,1,2,4,6,8,3,5,7,3,5,7,1,3,3,3,3,7,7,7,10,10,10,1,3,3,3,3,7,7,7,10,10,10,55,59,38,1,41,48,50,0,55,55,59,0,36,35,51,0,36,49,56,0,61,65,65,0,1
8581,8372,735864,1,1,3,5,7,9,3,5,7,4,6,1,2,4,6,8,4,6,3,5,7,5,1,3,3,3,3,3,7,7,7,10,10,1,3,3,3,3,6,6,8,8,8,11,62,36,65,1,71,42,65,1,36,33,42,0,62,51,52,1,59,55,52,1,37,56,49,0,0
9906,8305,735863,1,2,4,6,8,2,4,6,8,4,6,1,2,4,6,8,4,6,3,5,7,5,1,3,3,3,3,7,7,7,7,10,10,1,3,3,3,3,6,6,8,8,8,11,57,50,50,1,61,62,49,1,49,42,52,0,34,41,38,1,55,39,49,1,43,42,49,0,1
9864,10205,735864,1,2,4,6,8,4,6,3,5,7,5,1,2,4,6,8,2,4,6,8,4,6,1,3,3,3,3,6,6,8,8,8,11,1,3,3,3,3,7,7,7,7,10,10,42,51,36,1,41,40,50,1,47,37,52,1,48,42,36,0,36,52,55,0,47,48,44,0,-1
8315,8633,735864,1,2,4,6,8,4,6,3,5,7,5,1,2,4,6,8,3,5,4,6,7,5,1,3,3,3,3,6,6,8,8,8,11,1,3,3,3,3,8,8,6,6,8,11,46,46,39,1,50,60,36,0,49,57,50,0,50,57,46,0,61,41,63,0,52,60,63,0,-1
7878,8560,735863,1,2,4,6,8,4,6,3,5,7,5,1,2,4,6,8,4,6,3,5,7,5,1,3,3,3,3,6,6,8,8,8,11,1,3,3,3,3,6,6,8,8,8,11,57,50,59,1,61,63,51,1,48,45,62,0,60,52,50,1,54,60,52,1,49,53,53,0,-1
8558,10267,735863,1,2,4,6,8,4,6,3,5,7,5,1,2,4,6,8,3,5,7,3,5,7,1,3,3,3,3,6,6,8,8,8,11,1,3,3,3,3,7,7,7,10,10,10,50,52,44,1,52,60,40,0,37,40,45,0,35,46,35,1,37,51,58,1,49,45,53,0,1
8603,9783,735865,1,2,4,6,8,2,4,6,8,4,6,1,2,4,6,8,5,2,8,4,6,5,1,3,3,3,3,7,7,7,7,10,10,1,3,3,3,3,6,7,7,9,9,11,59,49,37,1,59,43,53,1,58,49,58,0,53,55,47,1,38,52,55,1,45,50,59,1,-1
8370,9869,735864,1,2,4,6,8,4,6,3,5,7,5,1,2,4,6,8,2,4,6,8,4,6,1,3,3,3,3,6,6,8,8,8,11,1,3,3,3,3,7,7,7,7,10,10,29,52,44,1,44,44,47,1,54,52,63,0,55,48,50,1,62,59,38,1,45,54,41,0,1
8302,8370,735867,1,2,4,6,8,3,5,7,3,5,7,1,2,4,6,8,4,6,3,5,7,5,1,3,3,3,3,7,7,7,10,10,10,1,3,3,3,3,6,6,8,8,8,11,53,53,53,1,53,52,60,1,42,48,59,0,29,52,44,1,44,44,47,1,54,52,63,0,1
8634,8306,735867,1,4,6,2,8,3,5,7,3,5,7,1,3,7,1,5,9,3,7,5,4,6,1,3,3,3,3,7,7,7,10,10,10,1,3,3,3,3,3,7,7,7,10,10,36,35,51,0,36,49,56,0,61,65,65,0,48,55,44,1,53,42,53,1,53,39,57,0,1
8372,9910,735867,1,2,4,6,8,2,4,6,8,4,6,1,2,4,6,8,3,5,7,3,5,7,1,3,3,3,3,7,7,7,7,10,10,1,3,3,3,3,7,7,7,10,10,10,62,51,52,1,59,55,52,1,37,56,49,0,55,59,38,1,41,48,50,0,55,55,59,0,0
8305,8581,735868,1,2,4,6,8,4,6,3,5,7,5,1,1,3,5,7,9,3,5,7,4,6,1,3,3,3,3,6,6,8,8,8,11,1,3,3,3,3,3,7,7,7,10,10,34,41,38,1,55,39,49,1,43,42,49,0,62,36,65,1,71,42,65,1,36,33,42,0,1
10205,9906,735867,1,2,4,6,8,2,4,6,8,4,6,1,2,4,6,8,2,4,6,8,4,6,1,3,3,3,3,7,7,7,7,10,10,1,3,3,3,3,7,7,7,7,10,10,48,42,36,0,36,52,55,0,47,48,44,0,57,50,50,1,61,62,49,1,49,42,52,0,1
8633,9864,735867,1,2,4,6,8,4,6,3,5,7,5,1,2,4,6,8,4,6,5,7,3,5,1,3,3,3,3,6,6,8,8,8,11,1,3,3,3,3,6,6,8,8,8,11,50,57,46,0,61,41,63,0,52,60,63,0,42,51,36,1,41,40,50,1,47,37,52,1,0
8560,8315,735868,1,2,4,6,8,4,6,3,5,7,5,1,2,4,6,8,4,6,3,5,7,5,1,3,3,3,3,6,6,8,8,8,11,1,3,3,3,3,6,6,8,8,8,11,60,52,50,1,54,60,52,1,49,53,53,0,46,46,39,1,50,60,36,0,49,57,50,0,0
10267,7878,735866,1,2,4,6,8,2,4,6,8,4,6,1,2,4,6,8,3,5,7,3,5,7,1,3,3,3,3,7,7,7,7,10,10,1,3,3,3,3,7,7,7,10,10,10,35,46,35,1,37,51,58,1,49,45,53,0,57,50,59,1,61,63,51,1,48,45,62,0,1
9783,8558,735868,1,2,4,6,8,4,8,2,6,4,6,1,2,4,6,8,2,4,6,8,4,6,1,3,3,3,3,7,7,7,7,10,10,1,3,3,3,3,7,7,7,7,10,10,53,55,47,1,38,52,55,1,45,50,59,1,50,52,44,1,52,60,40,0,37,40,45,0,1
9869,8603,735868,1,4,6,2,8,4,6,2,8,4,6,1,4,6,2,8,5,4,6,3,7,5,1,3,3,3,3,7,7,7,7,10,10,1,3,3,3,3,8,6,6,8,8,11,55,48,50,1,62,59,38,1,45,54,41,0,59,49,37,1,59,43,53,1,58,49,58,0,-1
8302,8634,735874,1,2,4,6,8,4,6,3,5,7,5,1,2,4,6,8,3,5,7,3,5,7,1,3,3,3,3,6,6,8,8,8,11,1,3,3,3,3,7,7,7,10,10,10,53,53,53,1,53,52,60,1,42,48,59,0,36,35,51,0,36,49,56,0,61,65,65,0,1
8306,8372,735874,1,3,5,7,1,3,5,7,9,4,6,1,2,4,6,8,1,3,5,7,9,5,1,3,3,3,7,7,7,7,7,10,10,1,3,3,3,3,7,7,7,7,7,11,48,55,44,1,53,42,53,1,53,39,57,0,62,51,52,1,59,55,52,1,37,56,49,0,-1
9910,8305,735873,1,2,4,6,8,3,5,7,3,5,7,1,2,4,6,8,4,6,3,5,7,5,1,3,3,3,3,7,7,7,10,10,10,1,3,3,3,3,6,6,8,8,8,11,55,59,38,1,41,48,50,0,55,55,59,0,34,41,38,1,55,39,49,1,43,42,49,0,0
8581,10205,735875,1,1,3,5,7,9,3,5,7,4,6,1,2,4,6,8,2,6,8,4,4,6,1,3,3,3,3,3,7,7,7,10,10,1,3,3,3,3,7,7,7,7,10,10,62,36,65,1,71,42,65,1,36,33,42,0,48,42,36,0,36,52,55,0,47,48,44,0,1
9906,8633,735875,1,2,4,6,8,2,4,6,8,4,6,1,2,4,6,8,3,5,7,3,5,7,1,3,3,3,3,7,7,7,7,10,10,1,3,3,3,3,7,7,7,10,10,10,57,50,50,1,61,62,49,1,49,42,52,0,50,57,46,0,61,41,63,0,52,60,63,0,0
9864,8560,735874,1,2,4,6,8,4,6,3,5,7,5,1,2,4,6,8,4,6,3,5,7,5,1,3,3,3,3,6,6,8,8,8,11,1,3,3,3,3,6,6,8,8,8,11,42,51,36,1,41,40,50,1,47,37,52,1,60,52,50,1,54,60,52,1,49,53,53,0,1
8315,10267,735875,1,2,4,6,8,4,6,3,5,7,5,1,2,4,6,8,4,6,3,5,7,5,1,3,3,3,3,6,6,8,8,8,11,1,3,3,3,3,6,6,8,8,8,11,46,46,39,1,50,60,36,0,49,57,50,0,35,46,35,1,37,51,58,1,49,45,53,0,1
7878,9783,735874,1,2,4,6,8,4,6,3,5,7,5,1,2,4,6,8,2,4,6,8,4,6,1,3,3,3,3,6,6,8,8,8,11,1,3,3,3,3,7,7,7,7,10,10,57,50,59,1,61,63,51,1,48,45,62,0,53,55,47,1,38,52,55,1,45,50,59,1,0
8558,9869,735874,1,2,4,6,8,4,6,3,5,7,5,1,2,4,6,8,4,6,3,5,7,5,1,3,3,3,3,6,6,8,8,8,11,1,3,3,3,3,6,6,8,8,8,11,50,52,44,1,52,60,40,0,37,40,45,0,55,48,50,1,62,59,38,1,45,54,41,0,-1
8370,8603,735875,1,2,4,6,8,4,6,3,5,7,5,1,2,4,6,8,2,4,6,8,4,6,1,3,3,3,3,6,6,8,8,8,11,1,3,3,3,3,7,7,7,7,10,10,29,52,44,1,44,44,47,1,54,52,63,0,59,49,37,1,59,43,53,1,58,49,58,0,-1
8634,8370,735888,1,2,4,6,8,3,5,7,3,5,7,1,2,4,6,8,4,6,3,5,7,5,1,3,3,3,3,7,7,7,10,10,10,1,3,3,3,3,6,6,8,8,8,11,36,35,51,0,36,49,56,0,61,65,65,0,29,52,44,1,44,44,47,1,54,52,63,0,1
8372,8302,735888,1,2,4,6,8,4,6,3,5,7,5,1,2,4,6,8,4,6,3,5,7,5,1,3,3,3,3,6,6,8,8,8,11,1,3,3,3,3,6,6,8,8,8,11,62,51,52,1,59,55,52,1,37,56,49,0,53,53,53,1,53,52,60,1,42,48,59,0,0
8305,8306,735889,1,2,4,6,8,4,6,3,5,7,5,1,2,4,6,8,4,6,3,5,7,5,1,3,3,3,3,6,6,8,8,8,11,1,3,3,3,3,6,6,8,8,8,11,34,41,38,1,55,39,49,1,43,42,49,0,48,55,44,1,53,42,53,1,53,39,57,0,1
10205,9910,735889,1,2,4,6,8,2,4,6,8,4,6,1,2,4,6,8,3,5,7,3,5,7,1,3,3,3,3,7,7,7,7,10,10,1,3,3,3,3,7,7,7,10,10,10,48,42,36,0,36,52,55,0,47,48,44,0,55,59,38,1,41,48,50,0,55,55,59,0,-1
8633,8581,735888,1,2,4,6,8,7,3,5,3,5,7,1,1,3,5,7,9,3,5,7,4,6,1,3,3,3,3,7,7,7,10,10,10,1,3,3,3,3,3,7,7,7,10,10,50,57,46,0,61,41,63,0,52,60,63,0,62,36,65,1,71,42,65,1,36,33,42,0,1
8560,9906,735889,1,2,4,6,8,4,6,3,5,7,5,1,2,4,6,8,2,4,6,8,4,6,1,3,3,3,3,6,6,8,8,8,11,1,3,3,3,3,7,7,7,7,10,10,60,52,50,1,54,60,52,1,49,53,53,0,57,50,50,1,61,62,49,1,49,42,52,0,-1
10267,9864,735888,1,2,4,6,8,4,6,3,5,7,5,1,2,4,6,8,4,6,3,5,7,5,1,3,3,3,3,6,6,8,8,8,11,1,3,3,3,3,6,6,8,8,8,11,35,46,35,1,37,51,58,1,49,45,53,0,42,51,36,1,41,40,50,1,47,37,52,1,1
9783,8315,735889,1,2,4,6,8,4,6,8,2,4,6,1,2,4,6,8,4,6,3,5,7,5,1,3,3,3,3,7,7,7,7,10,10,1,3,3,3,3,6,6,8,8,8,11,53,55,47,1,38,52,55,1,45,50,59,1,46,46,39,1,50,60,36,0,49,57,50,0,0
9869,7878,735890,1,2,4,6,8,4,6,3,5,7,5,1,2,4,6,8,5,2,4,6,8,5,1,3,3,3,3,6,6,8,8,8,11,1,3,3,3,3,6,8,8,8,8,11,55,48,50,1,62,59,38,1,45,54,41,0,57,50,59,1,61,63,51,1,48,45,62,0,0
8603,8558,735888,1,2,6,8,4,4,6,3,5,7,5,1,2,4,6,8,4,3,5,7,6,5,1,3,3,3,3,6,6,8,8,8,11,1,3,3,3,3,6,8,8,8,6,11,59,49,37,1,59,43,53,1,58,49,58,0,50,52,44,1,52,60,40,0,37,40,45,0,-1
8634,8372,735896,1,2,4,6,8,3,5,7,3,5,7,1,2,4,6,8,4,6,3,5,7,5,1,3,3,3,3,7,7,7,10,10,10,1,3,3,3,3,6,6,8,8,8,11,36,35,51,0,36,49,56,0,61,65,65,0,62,51,52,1,59,55,52,1,37,56,49,0,1
8302,8305,735895,1,2,4,6,8,4,6,3,5,7,5,1,2,4,6,8,4,6,3,5,7,5,1,3,3,3,3,6,6,8,8,8,11,1,3,3,3,3,6,6,8,8,8,11,53,53,53,1,53,52,60,1,42,48,59,0,34,41,38,1,55,39,49,1,43,42,49,0,1
8306,10205,735896,1,2,4,6,8,4,6,3,5,7,5,1,2,4,6,8,2,4,6,8,4,6,1,3,3,3,3,6,6,8,8,8,11,1,3,3,3,3,7,7,7,7,10,10,48,55,44,1,53,42,53,1,53,39,57,0,48,42,36,0,36,52,55,0,47,48,44,0,0
9910,8633,735895,1,2,4,6,8,3,5,7,3,5,7,1,2,4,6,8,3,5,7,3,5,7,1,3,3,3,3,7,7,7,10,10,10,1,3,3,3,3,7,7,7,10,10,10,55,59,38,1,41,48,50,0,55,55,59,0,50,57,46,0,61,41,63,0,52,60,63,0,-1
8581,8560,735896,1,1,3,5,7,9,3,5,7,4,6,1,2,4,6,8,4,6,3,5,7,5,1,3,3,3,3,3,7,7,7,10,10,1,3,3,3,3,6,6,8,8,8,11,62,36,65,1,71,42,65,1,36,33,42,0,60,52,50,1,54,60,52,1,49,53,53,0,-1
9906,10267,735896,1,2,4,6,8,3,5,7,3,5,7,1,2,4,6,8,2,4,6,8,4,6,1,3,3,3,3,7,7,7,10,10,10,1,3,3,3,3,7,7,7,7,10,10,57,50,50,1,61,62,49,1,49,42,52,0,35,46,35,1,37,51,58,1,49,45,53,0,1
9864,9783,735895,1,2,4,6,8,4,6,3,5,7,5,1,2,4,6,8,2,4,6,8,4,6,1,3,3,3,3,6,6,8,8,8,11,1,3,3,3,3,7,7,7,7,10,10,42,51,36,1,41,40,50,1,47,37,52,1,53,55,47,1,38,52,55,1,45,50,59,1,1
8315,9869,735897,1,2,4,6,8,4,5,6,3,7,5,1,2,4,6,8,3,5,7,7,3,5,1,3,3,3,3,6,8,6,8,8,11,1,3,3,3,3,7,7,7,10,10,10,46,46,39,1,50,60,36,0,49,57,50,0,55,48,50,1,62,59,38,1,45,54,41,0,1
7878,8603,735895,1,2,4,6,8,3,5,7,3,5,7,1,2,4,6,8,2,4,6,8,4,6,1,3,3,3,3,7,7,7,10,10,10,1,3,3,3,3,7,7,7,7,10,10,57,50,59,1,61,63,51,1,48,45,62,0,59,49,37,1,59,43,53,1,58,49,58,0,0
8370,8558,735894,1,2,4,6,8,4,6,3,5,7,5,1,2,4,6,8,4,6,3,5,7,5,1,3,3,3,3,6,6,8,8,8,11,1,3,3,3,3,6,6,8,8,8,11,29,52,44,1,44,44,47,1,54,52,63,0,50,52,44,1,52,60,40,0,37,40,45,0,1
